[d3] matrix: 11 runs; PLAN sha256 eb6096a9ffc8a338a86dafee5f8f6fee88bf8bc93ac1eaea3fc2f8b62eee1071 (recorded eb6096a9ffc8a338a86dafee5f8f6fee88bf8bc93ac1eaea3fc2f8b62eee1071, match=True)
[d3]   E1_M2_D0_h0.005_P0
[d3]   E1_M2_D0_h0.005_P12
[d3]   E1_M2_D0_h0.005_P4
[d3]   E2_1D_h0.005_P4_orig
[d3]   E2_M1_h0.005_P4_orig
[d3]   E2_1D_h0.005_P4_mirror
[d3]   E2_M1_h0.005_P4_mirror
[d3]   E2_1D_h0.005_P0_orig
[d3]   E2_M1_h0.005_P0_orig
[d3]   E2_1D_h0.005_P0_mirror
[d3]   E2_M1_h0.005_P0_mirror

[d3] ===== E1_M2_D0_h0.005_P0 =====
Searching DEVSIM_MATH_LIBS="mkl_rt.3.dll"
Loading "mkl_rt.3.dll": Intel MKL with PARDISO LOADED
Physical group name Si has 0 Tetrahedra.
Physical group name Si has 8040 Triangles.
Physical group name Si has 12281 Lines.
Physical group name Si has 4242 Points.
Physical group name left has 0 Tetrahedra.
Physical group name left has 0 Triangles.
Physical group name left has 20 Lines.
Physical group name left has 21 Points.
Physical group name right has 0 Tetrahedra.
Physical group name right has 0 Triangles.
Physical group name right has 20 Lines.
Physical group name right has 21 Points.
Device d has 4242 coordinates with max index 4241
Region Si has 4242 nodes.
Contact left in region Si with 21 nodes
Contact right in region Si with 21 nodes
Creating Node Solution Potential
### SOLVE-BEGIN A
number of equations 4242
Iteration: 0
  Device: "d"	RelError: 1.00000e+00	AbsError: 1.37947e-01
    Region: "Si"	RelError: 1.00000e+00	AbsError: 1.37947e-01
      Equation: "PotentialEquation"	RelError: 1.00000e+00	AbsError: 1.37947e-01
Iteration: 1
  Device: "d"	RelError: 4.98626e-01	AbsError: 1.37191e-01
    Region: "Si"	RelError: 4.98626e-01	AbsError: 1.37191e-01
      Equation: "PotentialEquation"	RelError: 4.98626e-01	AbsError: 1.37191e-01
Iteration: 2
  Device: "d"	RelError: 3.14427e-01	AbsError: 1.25169e-01
    Region: "Si"	RelError: 3.14427e-01	AbsError: 1.25169e-01
      Equation: "PotentialEquation"	RelError: 3.14427e-01	AbsError: 1.25169e-01
Iteration: 3
  Device: "d"	RelError: 5.26469e-01	AbsError: 6.12167e-02
    Region: "Si"	RelError: 5.26469e-01	AbsError: 6.12167e-02
      Equation: "PotentialEquation"	RelError: 5.26469e-01	AbsError: 6.12167e-02
Iteration: 4
  Device: "d"	RelError: 8.37229e-01	AbsError: 5.01960e-02
    Region: "Si"	RelError: 8.37229e-01	AbsError: 5.01960e-02
      Equation: "PotentialEquation"	RelError: 8.37229e-01	AbsError: 5.01960e-02
Iteration: 5
  Device: "d"	RelError: 2.90291e-01	AbsError: 4.17220e-02
    Region: "Si"	RelError: 2.90291e-01	AbsError: 4.17220e-02
      Equation: "PotentialEquation"	RelError: 2.90291e-01	AbsError: 4.17220e-02
Iteration: 6
  Device: "d"	RelError: 8.18607e-02	AbsError: 3.16681e-02
    Region: "Si"	RelError: 8.18607e-02	AbsError: 3.16681e-02
      Equation: "PotentialEquation"	RelError: 8.18607e-02	AbsError: 3.16681e-02
Iteration: 7
  Device: "d"	RelError: 5.20227e-02	AbsError: 2.17236e-02
    Region: "Si"	RelError: 5.20227e-02	AbsError: 2.17236e-02
      Equation: "PotentialEquation"	RelError: 5.20227e-02	AbsError: 2.17236e-02
Iteration: 8
  Device: "d"	RelError: 2.46584e-02	AbsError: 1.02888e-02
    Region: "Si"	RelError: 2.46584e-02	AbsError: 1.02888e-02
      Equation: "PotentialEquation"	RelError: 2.46584e-02	AbsError: 1.02888e-02
Iteration: 9
  Device: "d"	RelError: 1.64718e-06	AbsError: 6.87291e-07
    Region: "Si"	RelError: 1.64718e-06	AbsError: 6.87291e-07
      Equation: "PotentialEquation"	RelError: 1.64718e-06	AbsError: 6.87291e-07
Iteration: 10
  Device: "d"	RelError: 8.50632e-12	AbsError: 3.54928e-12
    Region: "Si"	RelError: 8.50632e-12	AbsError: 3.54928e-12
      Equation: "PotentialEquation"	RelError: 8.50632e-12	AbsError: 3.54928e-12
### SOLVE-END A
Warning: Replacing equation with equation of the same name.
Region: Si, Equation: PotentialEquation, Variable: Potential
### SOLVE-BEGIN B0
number of equations 12726
Iteration: 0
  Device: "d"	RelError: 1.58030e-14	AbsError: 1.00800e+03
    Region: "Si"	RelError: 1.58030e-14	AbsError: 1.00800e+03
      Equation: "ElectronContinuityEquation"	RelError: 7.69572e-15	AbsError: 4.96000e+02
      Equation: "HoleContinuityEquation"	RelError: 7.53171e-15	AbsError: 5.12000e+02
      Equation: "PotentialEquation"	RelError: 5.75548e-16	AbsError: 1.26224e-16
### SOLVE-END B0
### SOLVE-BEGIN C+0.025
number of equations 12726
Iteration: 0
  Device: "d"	RelError: 1.80201e+00	AbsError: 5.56112e+15
    Region: "Si"	RelError: 1.80201e+00	AbsError: 5.56112e+15
      Equation: "ElectronContinuityEquation"	RelError: 4.76807e-01	AbsError: 2.78056e+15
      Equation: "HoleContinuityEquation"	RelError: 4.76752e-01	AbsError: 2.78056e+15
      Equation: "PotentialEquation"	RelError: 8.48449e-01	AbsError: 2.50000e-02
Iteration: 1
  Device: "d"	RelError: 4.84109e-01	AbsError: 1.73903e+14
    Region: "Si"	RelError: 4.84109e-01	AbsError: 1.73903e+14
      Equation: "ElectronContinuityEquation"	RelError: 2.41956e-01	AbsError: 8.69517e+13
      Equation: "HoleContinuityEquation"	RelError: 2.41913e-01	AbsError: 8.69517e+13
      Equation: "PotentialEquation"	RelError: 2.40010e-04	AbsError: 6.01360e-05
Iteration: 2
  Device: "d"	RelError: 8.20464e-04	AbsError: 3.07201e+10
    Region: "Si"	RelError: 8.20464e-04	AbsError: 3.07201e+10
      Equation: "ElectronContinuityEquation"	RelError: 4.10222e-04	AbsError: 1.53601e+10
      Equation: "HoleContinuityEquation"	RelError: 4.10229e-04	AbsError: 1.53601e+10
      Equation: "PotentialEquation"	RelError: 1.34982e-08	AbsError: 4.77298e-09
Iteration: 3
  Device: "d"	RelError: 1.02664e-10	AbsError: 4.13977e+02
    Region: "Si"	RelError: 1.02664e-10	AbsError: 4.13977e+02
      Equation: "ElectronContinuityEquation"	RelError: 5.13285e-11	AbsError: 2.06681e+02
      Equation: "HoleContinuityEquation"	RelError: 5.13346e-11	AbsError: 2.07296e+02
      Equation: "PotentialEquation"	RelError: 7.78730e-16	AbsError: 7.15938e-17
Iteration: 4
  Device: "d"	RelError: 4.10206e-15	AbsError: 2.64544e+01
    Region: "Si"	RelError: 4.10206e-15	AbsError: 2.64544e+01
      Equation: "ElectronContinuityEquation"	RelError: 1.83066e-15	AbsError: 1.25579e+01
      Equation: "HoleContinuityEquation"	RelError: 1.59138e-15	AbsError: 1.38966e+01
      Equation: "PotentialEquation"	RelError: 6.80013e-16	AbsError: 3.11902e-17
### SOLVE-END C+0.025
### SOLVE-BEGIN C+0.050
number of equations 12726
Iteration: 0
  Device: "d"	RelError: 6.59415e+00	AbsError: 5.67720e+15
    Region: "Si"	RelError: 6.59415e+00	AbsError: 5.67720e+15
      Equation: "ElectronContinuityEquation"	RelError: 4.82843e-01	AbsError: 2.83860e+15
      Equation: "HoleContinuityEquation"	RelError: 4.82807e-01	AbsError: 2.83860e+15
      Equation: "PotentialEquation"	RelError: 5.62849e+00	AbsError: 2.50000e-02
Iteration: 1
  Device: "d"	RelError: 4.94072e-01	AbsError: 1.79786e+14
    Region: "Si"	RelError: 4.94072e-01	AbsError: 1.79786e+14
      Equation: "ElectronContinuityEquation"	RelError: 2.46212e-01	AbsError: 8.98932e+13
      Equation: "HoleContinuityEquation"	RelError: 2.46186e-01	AbsError: 8.98932e+13
      Equation: "PotentialEquation"	RelError: 1.67405e-03	AbsError: 6.16526e-05
Iteration: 2
  Device: "d"	RelError: 8.41114e-04	AbsError: 3.26085e+10
    Region: "Si"	RelError: 8.41114e-04	AbsError: 3.26085e+10
      Equation: "ElectronContinuityEquation"	RelError: 4.20504e-04	AbsError: 1.63043e+10
      Equation: "HoleContinuityEquation"	RelError: 4.20509e-04	AbsError: 1.63043e+10
      Equation: "PotentialEquation"	RelError: 1.01023e-07	AbsError: 5.05737e-09
Iteration: 3
  Device: "d"	RelError: 1.13411e-10	AbsError: 5.20431e+02
    Region: "Si"	RelError: 1.13411e-10	AbsError: 5.20431e+02
      Equation: "ElectronContinuityEquation"	RelError: 5.67140e-11	AbsError: 2.64072e+02
      Equation: "HoleContinuityEquation"	RelError: 5.66894e-11	AbsError: 2.56359e+02
      Equation: "PotentialEquation"	RelError: 7.21943e-15	AbsError: 7.90051e-17
Iteration: 4
  Device: "d"	RelError: 7.59564e-15	AbsError: 3.05452e+01
    Region: "Si"	RelError: 7.59564e-15	AbsError: 3.05452e+01
      Equation: "ElectronContinuityEquation"	RelError: 1.92523e-15	AbsError: 1.58703e+01
      Equation: "HoleContinuityEquation"	RelError: 1.41531e-15	AbsError: 1.46748e+01
      Equation: "PotentialEquation"	RelError: 4.25510e-15	AbsError: 3.34654e-17
### SOLVE-END C+0.050
Replacing Edge Model x@n0 in region Si of material Si
Replacing Edge Model x@n1 in region Si of material Si
Replacing Edge Model node_index@n0 in region Si of material Si
Replacing Edge Model node_index@n1 in region Si of material Si
### SOLVE-BEGIN C+0.075
number of equations 12726
Iteration: 0
  Device: "d"	RelError: 2.18851e+00	AbsError: 5.76417e+15
    Region: "Si"	RelError: 2.18851e+00	AbsError: 5.76417e+15
      Equation: "ElectronContinuityEquation"	RelError: 4.86536e-01	AbsError: 2.88209e+15
      Equation: "HoleContinuityEquation"	RelError: 4.86514e-01	AbsError: 2.88209e+15
      Equation: "PotentialEquation"	RelError: 1.21546e+00	AbsError: 2.50000e-02
Iteration: 1
  Device: "d"	RelError: 4.97407e-01	AbsError: 1.89914e+14
    Region: "Si"	RelError: 4.97407e-01	AbsError: 1.89914e+14
      Equation: "ElectronContinuityEquation"	RelError: 2.48522e-01	AbsError: 9.49570e+13
      Equation: "HoleContinuityEquation"	RelError: 2.48506e-01	AbsError: 9.49570e+13
      Equation: "PotentialEquation"	RelError: 3.79390e-04	AbsError: 6.31014e-05
Iteration: 2
  Device: "d"	RelError: 8.60336e-04	AbsError: 3.37519e+10
    Region: "Si"	RelError: 8.60336e-04	AbsError: 3.37519e+10
      Equation: "ElectronContinuityEquation"	RelError: 4.30153e-04	AbsError: 1.68759e+10
      Equation: "HoleContinuityEquation"	RelError: 4.30159e-04	AbsError: 1.68759e+10
      Equation: "PotentialEquation"	RelError: 2.46214e-08	AbsError: 5.38895e-09
Iteration: 3
  Device: "d"	RelError: 1.24347e-10	AbsError: 6.34957e+02
    Region: "Si"	RelError: 1.24347e-10	AbsError: 6.34957e+02
      Equation: "ElectronContinuityEquation"	RelError: 6.21833e-11	AbsError: 3.19992e+02
      Equation: "HoleContinuityEquation"	RelError: 6.21628e-11	AbsError: 3.14964e+02
      Equation: "PotentialEquation"	RelError: 5.45532e-16	AbsError: 6.34375e-17
Iteration: 4
  Device: "d"	RelError: 5.09686e-15	AbsError: 3.59306e+01
    Region: "Si"	RelError: 5.09686e-15	AbsError: 3.59306e+01
      Equation: "ElectronContinuityEquation"	RelError: 2.56716e-15	AbsError: 1.68966e+01
      Equation: "HoleContinuityEquation"	RelError: 2.22090e-15	AbsError: 1.90340e+01
      Equation: "PotentialEquation"	RelError: 3.08797e-16	AbsError: 3.00361e-17
### SOLVE-END C+0.075
### SOLVE-BEGIN C+0.100
number of equations 12726
Iteration: 0
  Device: "d"	RelError: 1.53428e+00	AbsError: 5.82076e+15
    Region: "Si"	RelError: 1.53428e+00	AbsError: 5.82076e+15
      Equation: "ElectronContinuityEquation"	RelError: 4.88575e-01	AbsError: 2.91038e+15
      Equation: "HoleContinuityEquation"	RelError: 4.88562e-01	AbsError: 2.91038e+15
      Equation: "PotentialEquation"	RelError: 5.57138e-01	AbsError: 2.50000e-02
Iteration: 1
  Device: "d"	RelError: 4.99867e-01	AbsError: 1.98115e+14
    Region: "Si"	RelError: 4.99867e-01	AbsError: 1.98115e+14
      Equation: "ElectronContinuityEquation"	RelError: 2.49682e-01	AbsError: 9.90573e+13
      Equation: "HoleContinuityEquation"	RelError: 2.49672e-01	AbsError: 9.90573e+13
      Equation: "PotentialEquation"	RelError: 5.12602e-04	AbsError: 6.44620e-05
Iteration: 2
  Device: "d"	RelError: 8.78089e-04	AbsError: 3.41868e+10
    Region: "Si"	RelError: 8.78089e-04	AbsError: 3.41868e+10
      Equation: "ElectronContinuityEquation"	RelError: 4.39023e-04	AbsError: 1.70934e+10
      Equation: "HoleContinuityEquation"	RelError: 4.39030e-04	AbsError: 1.70934e+10
      Equation: "PotentialEquation"	RelError: 3.58350e-08	AbsError: 5.71263e-09
Iteration: 3
  Device: "d"	RelError: 1.35284e-10	AbsError: 6.68337e+02
    Region: "Si"	RelError: 1.35284e-10	AbsError: 6.68337e+02
      Equation: "ElectronContinuityEquation"	RelError: 6.76529e-11	AbsError: 3.27316e+02
      Equation: "HoleContinuityEquation"	RelError: 6.76308e-11	AbsError: 3.41021e+02
      Equation: "PotentialEquation"	RelError: 6.76134e-16	AbsError: 8.52987e-17
Iteration: 4
  Device: "d"	RelError: 6.56271e-15	AbsError: 3.78523e+01
    Region: "Si"	RelError: 6.56271e-15	AbsError: 3.78523e+01
      Equation: "ElectronContinuityEquation"	RelError: 2.59909e-15	AbsError: 1.60048e+01
      Equation: "HoleContinuityEquation"	RelError: 3.36914e-15	AbsError: 2.18475e+01
      Equation: "PotentialEquation"	RelError: 5.94481e-16	AbsError: 3.59282e-17
### SOLVE-END C+0.100
Replacing Edge Model x@n0 in region Si of material Si
Replacing Edge Model x@n1 in region Si of material Si
Replacing Edge Model node_index@n0 in region Si of material Si
Replacing Edge Model node_index@n1 in region Si of material Si
Physical group name Si has 0 Tetrahedra.
Physical group name Si has 8040 Triangles.
Physical group name Si has 12281 Lines.
Physical group name Si has 4242 Points.
Physical group name left has 0 Tetrahedra.
Physical group name left has 0 Triangles.
Physical group name left has 20 Lines.
Physical group name left has 21 Points.
Physical group name right has 0 Tetrahedra.
Physical group name right has 0 Triangles.
Physical group name right has 20 Lines.
Physical group name right has 21 Points.
Device d has 4242 coordinates with max index 4241
Region Si has 4242 nodes.
Contact left in region Si with 21 nodes
Contact right in region Si with 21 nodes
Creating Node Solution Potential
### SOLVE-BEGIN Arev
number of equations 4242
Iteration: 0
  Device: "d"	RelError: 1.00000e+00	AbsError: 1.37947e-01
    Region: "Si"	RelError: 1.00000e+00	AbsError: 1.37947e-01
      Equation: "PotentialEquation"	RelError: 1.00000e+00	AbsError: 1.37947e-01
Iteration: 1
  Device: "d"	RelError: 4.98626e-01	AbsError: 1.37191e-01
    Region: "Si"	RelError: 4.98626e-01	AbsError: 1.37191e-01
      Equation: "PotentialEquation"	RelError: 4.98626e-01	AbsError: 1.37191e-01
Iteration: 2
  Device: "d"	RelError: 3.14427e-01	AbsError: 1.25169e-01
    Region: "Si"	RelError: 3.14427e-01	AbsError: 1.25169e-01
      Equation: "PotentialEquation"	RelError: 3.14427e-01	AbsError: 1.25169e-01
Iteration: 3
  Device: "d"	RelError: 5.26469e-01	AbsError: 6.12167e-02
    Region: "Si"	RelError: 5.26469e-01	AbsError: 6.12167e-02
      Equation: "PotentialEquation"	RelError: 5.26469e-01	AbsError: 6.12167e-02
Iteration: 4
  Device: "d"	RelError: 8.37229e-01	AbsError: 5.01960e-02
    Region: "Si"	RelError: 8.37229e-01	AbsError: 5.01960e-02
      Equation: "PotentialEquation"	RelError: 8.37229e-01	AbsError: 5.01960e-02
Iteration: 5
  Device: "d"	RelError: 2.90291e-01	AbsError: 4.17220e-02
    Region: "Si"	RelError: 2.90291e-01	AbsError: 4.17220e-02
      Equation: "PotentialEquation"	RelError: 2.90291e-01	AbsError: 4.17220e-02
Iteration: 6
  Device: "d"	RelError: 8.18607e-02	AbsError: 3.16681e-02
    Region: "Si"	RelError: 8.18607e-02	AbsError: 3.16681e-02
      Equation: "PotentialEquation"	RelError: 8.18607e-02	AbsError: 3.16681e-02
Iteration: 7
  Device: "d"	RelError: 5.20227e-02	AbsError: 2.17236e-02
    Region: "Si"	RelError: 5.20227e-02	AbsError: 2.17236e-02
      Equation: "PotentialEquation"	RelError: 5.20227e-02	AbsError: 2.17236e-02
Iteration: 8
  Device: "d"	RelError: 2.46584e-02	AbsError: 1.02888e-02
    Region: "Si"	RelError: 2.46584e-02	AbsError: 1.02888e-02
      Equation: "PotentialEquation"	RelError: 2.46584e-02	AbsError: 1.02888e-02
Iteration: 9
  Device: "d"	RelError: 1.64718e-06	AbsError: 6.87291e-07
    Region: "Si"	RelError: 1.64718e-06	AbsError: 6.87291e-07
      Equation: "PotentialEquation"	RelError: 1.64718e-06	AbsError: 6.87291e-07
Iteration: 10
  Device: "d"	RelError: 8.50632e-12	AbsError: 3.54928e-12
    Region: "Si"	RelError: 8.50632e-12	AbsError: 3.54928e-12
      Equation: "PotentialEquation"	RelError: 8.50632e-12	AbsError: 3.54928e-12
### SOLVE-END Arev
Warning: Replacing equation with equation of the same name.
Region: Si, Equation: PotentialEquation, Variable: Potential
### SOLVE-BEGIN B0rev
number of equations 12726
Iteration: 0
  Device: "d"	RelError: 1.58030e-14	AbsError: 1.00800e+03
    Region: "Si"	RelError: 1.58030e-14	AbsError: 1.00800e+03
      Equation: "ElectronContinuityEquation"	RelError: 7.69572e-15	AbsError: 4.96000e+02
      Equation: "HoleContinuityEquation"	RelError: 7.53171e-15	AbsError: 5.12000e+02
      Equation: "PotentialEquation"	RelError: 5.75548e-16	AbsError: 1.26224e-16
### SOLVE-END B0rev
### SOLVE-BEGIN C-0.025
number of equations 12726
Iteration: 0
  Device: "d"	RelError: 2.12779e+01	AbsError: 5.56112e+15
    Region: "Si"	RelError: 2.12779e+01	AbsError: 5.56112e+15
      Equation: "ElectronContinuityEquation"	RelError: 1.02789e+01	AbsError: 2.78056e+15
      Equation: "HoleContinuityEquation"	RelError: 1.02537e+01	AbsError: 2.78056e+15
      Equation: "PotentialEquation"	RelError: 7.45318e-01	AbsError: 2.50000e-02
Iteration: 1
  Device: "d"	RelError: 1.56622e+00	AbsError: 1.72123e+14
    Region: "Si"	RelError: 1.56622e+00	AbsError: 1.72123e+14
      Equation: "ElectronContinuityEquation"	RelError: 7.83261e-01	AbsError: 8.60615e+13
      Equation: "HoleContinuityEquation"	RelError: 7.82743e-01	AbsError: 8.60615e+13
      Equation: "PotentialEquation"	RelError: 2.19485e-04	AbsError: 5.90969e-05
Iteration: 2
  Device: "d"	RelError: 1.76882e-03	AbsError: 2.87833e+10
    Region: "Si"	RelError: 1.76882e-03	AbsError: 2.87833e+10
      Equation: "ElectronContinuityEquation"	RelError: 8.84351e-04	AbsError: 1.43916e+10
      Equation: "HoleContinuityEquation"	RelError: 8.84455e-04	AbsError: 1.43916e+10
      Equation: "PotentialEquation"	RelError: 1.13993e-08	AbsError: 4.59635e-09
Iteration: 3
  Device: "d"	RelError: 2.54869e-10	AbsError: 4.59873e+02
    Region: "Si"	RelError: 2.54869e-10	AbsError: 4.59873e+02
      Equation: "ElectronContinuityEquation"	RelError: 1.27529e-10	AbsError: 2.33754e+02
      Equation: "HoleContinuityEquation"	RelError: 1.27338e-10	AbsError: 2.26120e+02
      Equation: "PotentialEquation"	RelError: 1.38680e-15	AbsError: 6.68815e-17
Iteration: 4
  Device: "d"	RelError: 6.47280e-15	AbsError: 3.39854e+01
    Region: "Si"	RelError: 6.47280e-15	AbsError: 3.39854e+01
      Equation: "ElectronContinuityEquation"	RelError: 2.89214e-15	AbsError: 1.96878e+01
      Equation: "HoleContinuityEquation"	RelError: 3.11851e-15	AbsError: 1.42975e+01
      Equation: "PotentialEquation"	RelError: 4.62151e-16	AbsError: 3.04037e-17
### SOLVE-END C-0.025
### SOLVE-BEGIN C-0.050
number of equations 12726
Iteration: 0
  Device: "d"	RelError: 1.76945e+01	AbsError: 5.42086e+15
    Region: "Si"	RelError: 1.76945e+01	AbsError: 5.42086e+15
      Equation: "ElectronContinuityEquation"	RelError: 7.39146e+00	AbsError: 2.71043e+15
      Equation: "HoleContinuityEquation"	RelError: 7.36734e+00	AbsError: 2.71043e+15
      Equation: "PotentialEquation"	RelError: 2.93573e+00	AbsError: 2.50000e-02
Iteration: 1
  Device: "d"	RelError: 1.43906e+00	AbsError: 1.67685e+14
    Region: "Si"	RelError: 1.43906e+00	AbsError: 1.67685e+14
      Equation: "ElectronContinuityEquation"	RelError: 7.19452e-01	AbsError: 8.38424e+13
      Equation: "HoleContinuityEquation"	RelError: 7.18788e-01	AbsError: 8.38424e+13
      Equation: "PotentialEquation"	RelError: 8.25090e-04	AbsError: 5.75089e-05
Iteration: 2
  Device: "d"	RelError: 1.71726e-03	AbsError: 2.71435e+10
    Region: "Si"	RelError: 1.71726e-03	AbsError: 2.71435e+10
      Equation: "ElectronContinuityEquation"	RelError: 8.58484e-04	AbsError: 1.35718e+10
      Equation: "HoleContinuityEquation"	RelError: 8.58735e-04	AbsError: 1.35718e+10
      Equation: "PotentialEquation"	RelError: 4.00905e-08	AbsError: 4.37865e-09
Iteration: 3
  Device: "d"	RelError: 1.76423e-10	AbsError: 4.58354e+02
    Region: "Si"	RelError: 1.76423e-10	AbsError: 4.58354e+02
      Equation: "ElectronContinuityEquation"	RelError: 8.82866e-11	AbsError: 2.22562e+02
      Equation: "HoleContinuityEquation"	RelError: 8.81346e-11	AbsError: 2.35792e+02
      Equation: "PotentialEquation"	RelError: 1.58244e-15	AbsError: 4.67313e-17
Iteration: 4
  Device: "d"	RelError: 4.54985e-15	AbsError: 2.73440e+01
    Region: "Si"	RelError: 4.54985e-15	AbsError: 2.73440e+01
      Equation: "ElectronContinuityEquation"	RelError: 1.61968e-15	AbsError: 1.43877e+01
      Equation: "HoleContinuityEquation"	RelError: 1.63008e-15	AbsError: 1.29563e+01
      Equation: "PotentialEquation"	RelError: 1.30008e-15	AbsError: 3.56229e-17
### SOLVE-END C-0.050
### SOLVE-BEGIN C-0.075
number of equations 12726
Iteration: 0
  Device: "d"	RelError: 1.24788e+01	AbsError: 5.39050e+15
    Region: "Si"	RelError: 1.24788e+01	AbsError: 5.39050e+15
      Equation: "ElectronContinuityEquation"	RelError: 5.49037e+00	AbsError: 2.69525e+15
      Equation: "HoleContinuityEquation"	RelError: 5.47290e+00	AbsError: 2.69525e+15
      Equation: "PotentialEquation"	RelError: 1.51552e+00	AbsError: 2.50000e-02
Iteration: 1
  Device: "d"	RelError: 1.29699e+00	AbsError: 1.61425e+14
    Region: "Si"	RelError: 1.29699e+00	AbsError: 1.61425e+14
      Equation: "ElectronContinuityEquation"	RelError: 6.48656e-01	AbsError: 8.07126e+13
      Equation: "HoleContinuityEquation"	RelError: 6.47928e-01	AbsError: 8.07126e+13
      Equation: "PotentialEquation"	RelError: 4.06347e-04	AbsError: 5.63800e-05
Iteration: 2
  Device: "d"	RelError: 1.65936e-03	AbsError: 2.68457e+10
    Region: "Si"	RelError: 1.65936e-03	AbsError: 2.68457e+10
      Equation: "ElectronContinuityEquation"	RelError: 8.29361e-04	AbsError: 1.34228e+10
      Equation: "HoleContinuityEquation"	RelError: 8.29981e-04	AbsError: 1.34228e+10
      Equation: "PotentialEquation"	RelError: 1.85057e-08	AbsError: 4.15201e-09
Iteration: 3
  Device: "d"	RelError: 1.27871e-10	AbsError: 4.11927e+02
    Region: "Si"	RelError: 1.27871e-10	AbsError: 4.11927e+02
      Equation: "ElectronContinuityEquation"	RelError: 6.37860e-11	AbsError: 2.08444e+02
      Equation: "HoleContinuityEquation"	RelError: 6.40835e-11	AbsError: 2.03483e+02
      Equation: "PotentialEquation"	RelError: 1.02614e-15	AbsError: 5.19459e-17
Iteration: 4
  Device: "d"	RelError: 6.85585e-15	AbsError: 2.35601e+01
    Region: "Si"	RelError: 6.85585e-15	AbsError: 2.35601e+01
      Equation: "ElectronContinuityEquation"	RelError: 3.01933e-15	AbsError: 8.66976e+00
      Equation: "HoleContinuityEquation"	RelError: 2.49392e-15	AbsError: 1.48903e+01
      Equation: "PotentialEquation"	RelError: 1.34259e-15	AbsError: 3.11481e-17
### SOLVE-END C-0.075
### SOLVE-BEGIN C-0.100
number of equations 12726
Iteration: 0
  Device: "d"	RelError: 9.10644e+00	AbsError: 5.33490e+15
    Region: "Si"	RelError: 9.10644e+00	AbsError: 5.33490e+15
      Equation: "ElectronContinuityEquation"	RelError: 4.26109e+00	AbsError: 2.66745e+15
      Equation: "HoleContinuityEquation"	RelError: 4.24285e+00	AbsError: 2.66745e+15
      Equation: "PotentialEquation"	RelError: 6.02498e-01	AbsError: 2.50000e-02
Iteration: 1
  Device: "d"	RelError: 1.16520e+00	AbsError: 1.53691e+14
    Region: "Si"	RelError: 1.16520e+00	AbsError: 1.53691e+14
      Equation: "ElectronContinuityEquation"	RelError: 5.82987e-01	AbsError: 7.68454e+13
      Equation: "HoleContinuityEquation"	RelError: 5.81950e-01	AbsError: 7.68454e+13
      Equation: "PotentialEquation"	RelError: 2.59310e-04	AbsError: 5.52951e-05
Iteration: 2
  Device: "d"	RelError: 1.59166e-03	AbsError: 2.60028e+10
    Region: "Si"	RelError: 1.59166e-03	AbsError: 2.60028e+10
      Equation: "ElectronContinuityEquation"	RelError: 7.95063e-04	AbsError: 1.30014e+10
      Equation: "HoleContinuityEquation"	RelError: 7.96584e-04	AbsError: 1.30014e+10
      Equation: "PotentialEquation"	RelError: 1.10874e-08	AbsError: 3.91837e-09
Iteration: 3
  Device: "d"	RelError: 9.65499e-11	AbsError: 3.52669e+02
    Region: "Si"	RelError: 9.65499e-11	AbsError: 3.52669e+02
      Equation: "ElectronContinuityEquation"	RelError: 4.79829e-11	AbsError: 1.76998e+02
      Equation: "HoleContinuityEquation"	RelError: 4.85665e-11	AbsError: 1.75670e+02
      Equation: "PotentialEquation"	RelError: 4.47226e-16	AbsError: 7.58168e-17
### SOLVE-END C-0.100
Replacing Edge Model x@n0 in region Si of material Si
Replacing Edge Model x@n1 in region Si of material Si
Replacing Edge Model node_index@n0 in region Si of material Si
Replacing Edge Model node_index@n1 in region Si of material Si

[worker_d3] wrote E1_M2_D0_h0.005_P0.json error=False

[d3] E1_M2_D0_h0.005_P0 completed=True in 5.4 s

[d3] ===== E1_M2_D0_h0.005_P12 =====
Searching DEVSIM_MATH_LIBS="mkl_rt.3.dll"
Loading "mkl_rt.3.dll": Intel MKL with PARDISO LOADED
Physical group name Si has 0 Tetrahedra.
Physical group name Si has 8040 Triangles.
Physical group name Si has 12281 Lines.
Physical group name Si has 4242 Points.
Physical group name left has 0 Tetrahedra.
Physical group name left has 0 Triangles.
Physical group name left has 20 Lines.
Physical group name left has 21 Points.
Physical group name right has 0 Tetrahedra.
Physical group name right has 0 Triangles.
Physical group name right has 20 Lines.
Physical group name right has 21 Points.
Device d has 4242 coordinates with max index 4241
Region Si has 4242 nodes.
Contact left in region Si with 21 nodes
Contact right in region Si with 21 nodes
Creating Node Solution Potential
### SOLVE-BEGIN A
number of equations 4242
Iteration: 0
  Device: "d"	RelError: 1.00000e+00	AbsError: 1.37947e-01
    Region: "Si"	RelError: 1.00000e+00	AbsError: 1.37947e-01
      Equation: "PotentialEquation"	RelError: 1.00000e+00	AbsError: 1.37947e-01
Iteration: 1
  Device: "d"	RelError: 4.98626e-01	AbsError: 1.37191e-01
    Region: "Si"	RelError: 4.98626e-01	AbsError: 1.37191e-01
      Equation: "PotentialEquation"	RelError: 4.98626e-01	AbsError: 1.37191e-01
Iteration: 2
  Device: "d"	RelError: 3.14427e-01	AbsError: 1.25169e-01
    Region: "Si"	RelError: 3.14427e-01	AbsError: 1.25169e-01
      Equation: "PotentialEquation"	RelError: 3.14427e-01	AbsError: 1.25169e-01
Iteration: 3
  Device: "d"	RelError: 5.26469e-01	AbsError: 6.12167e-02
    Region: "Si"	RelError: 5.26469e-01	AbsError: 6.12167e-02
      Equation: "PotentialEquation"	RelError: 5.26469e-01	AbsError: 6.12167e-02
Iteration: 4
  Device: "d"	RelError: 8.37229e-01	AbsError: 5.01960e-02
    Region: "Si"	RelError: 8.37229e-01	AbsError: 5.01960e-02
      Equation: "PotentialEquation"	RelError: 8.37229e-01	AbsError: 5.01960e-02
Iteration: 5
  Device: "d"	RelError: 2.90291e-01	AbsError: 4.17220e-02
    Region: "Si"	RelError: 2.90291e-01	AbsError: 4.17220e-02
      Equation: "PotentialEquation"	RelError: 2.90291e-01	AbsError: 4.17220e-02
Iteration: 6
  Device: "d"	RelError: 8.18607e-02	AbsError: 3.16681e-02
    Region: "Si"	RelError: 8.18607e-02	AbsError: 3.16681e-02
      Equation: "PotentialEquation"	RelError: 8.18607e-02	AbsError: 3.16681e-02
Iteration: 7
  Device: "d"	RelError: 5.20227e-02	AbsError: 2.17236e-02
    Region: "Si"	RelError: 5.20227e-02	AbsError: 2.17236e-02
      Equation: "PotentialEquation"	RelError: 5.20227e-02	AbsError: 2.17236e-02
Iteration: 8
  Device: "d"	RelError: 2.46584e-02	AbsError: 1.02888e-02
    Region: "Si"	RelError: 2.46584e-02	AbsError: 1.02888e-02
      Equation: "PotentialEquation"	RelError: 2.46584e-02	AbsError: 1.02888e-02
Iteration: 9
  Device: "d"	RelError: 1.64718e-06	AbsError: 6.87291e-07
    Region: "Si"	RelError: 1.64718e-06	AbsError: 6.87291e-07
      Equation: "PotentialEquation"	RelError: 1.64718e-06	AbsError: 6.87291e-07
Iteration: 10
  Device: "d"	RelError: 8.50630e-12	AbsError: 3.54927e-12
    Region: "Si"	RelError: 8.50630e-12	AbsError: 3.54927e-12
      Equation: "PotentialEquation"	RelError: 8.50630e-12	AbsError: 3.54927e-12
### SOLVE-END A
Warning: Replacing equation with equation of the same name.
Region: Si, Equation: PotentialEquation, Variable: Potential
### SOLVE-BEGIN B0
number of equations 12726
Iteration: 0
  Device: "d"	RelError: 1.65552e-15	AbsError: 1.08071e+01
    Region: "Si"	RelError: 1.65552e-15	AbsError: 1.08071e+01
      Equation: "ElectronContinuityEquation"	RelError: 6.42374e-16	AbsError: 2.06334e+00
      Equation: "HoleContinuityEquation"	RelError: 6.42374e-16	AbsError: 8.74371e+00
      Equation: "PotentialEquation"	RelError: 3.70771e-16	AbsError: 1.66293e-17
### SOLVE-END B0
### SOLVE-BEGIN C+0.025
number of equations 12726
Iteration: 0
  Device: "d"	RelError: 1.80201e+00	AbsError: 5.56112e+15
    Region: "Si"	RelError: 1.80201e+00	AbsError: 5.56112e+15
      Equation: "ElectronContinuityEquation"	RelError: 4.76807e-01	AbsError: 2.78056e+15
      Equation: "HoleContinuityEquation"	RelError: 4.76752e-01	AbsError: 2.78056e+15
      Equation: "PotentialEquation"	RelError: 8.48449e-01	AbsError: 2.50000e-02
Iteration: 1
  Device: "d"	RelError: 4.84109e-01	AbsError: 1.73903e+14
    Region: "Si"	RelError: 4.84109e-01	AbsError: 1.73903e+14
      Equation: "ElectronContinuityEquation"	RelError: 2.41956e-01	AbsError: 8.69517e+13
      Equation: "HoleContinuityEquation"	RelError: 2.41913e-01	AbsError: 8.69517e+13
      Equation: "PotentialEquation"	RelError: 2.40010e-04	AbsError: 6.01360e-05
Iteration: 2
  Device: "d"	RelError: 8.20464e-04	AbsError: 3.07201e+10
    Region: "Si"	RelError: 8.20464e-04	AbsError: 3.07201e+10
      Equation: "ElectronContinuityEquation"	RelError: 4.10222e-04	AbsError: 1.53601e+10
      Equation: "HoleContinuityEquation"	RelError: 4.10229e-04	AbsError: 1.53601e+10
      Equation: "PotentialEquation"	RelError: 1.34982e-08	AbsError: 4.77298e-09
Iteration: 3
  Device: "d"	RelError: 1.02661e-10	AbsError: 4.19864e+02
    Region: "Si"	RelError: 1.02661e-10	AbsError: 4.19864e+02
      Equation: "ElectronContinuityEquation"	RelError: 5.13280e-11	AbsError: 2.15497e+02
      Equation: "HoleContinuityEquation"	RelError: 5.13315e-11	AbsError: 2.04367e+02
      Equation: "PotentialEquation"	RelError: 1.83034e-15	AbsError: 4.00158e-17
Iteration: 4
  Device: "d"	RelError: 7.26107e-15	AbsError: 3.42165e+01
    Region: "Si"	RelError: 7.26107e-15	AbsError: 3.42165e+01
      Equation: "ElectronContinuityEquation"	RelError: 2.01109e-15	AbsError: 1.48187e+01
      Equation: "HoleContinuityEquation"	RelError: 2.01109e-15	AbsError: 1.93978e+01
      Equation: "PotentialEquation"	RelError: 3.23888e-15	AbsError: 5.20616e-17
### SOLVE-END C+0.025
### SOLVE-BEGIN C+0.050
number of equations 12726
Iteration: 0
  Device: "d"	RelError: 6.59415e+00	AbsError: 5.67720e+15
    Region: "Si"	RelError: 6.59415e+00	AbsError: 5.67720e+15
      Equation: "ElectronContinuityEquation"	RelError: 4.82843e-01	AbsError: 2.83860e+15
      Equation: "HoleContinuityEquation"	RelError: 4.82807e-01	AbsError: 2.83860e+15
      Equation: "PotentialEquation"	RelError: 5.62849e+00	AbsError: 2.50000e-02
Iteration: 1
  Device: "d"	RelError: 4.94072e-01	AbsError: 1.79786e+14
    Region: "Si"	RelError: 4.94072e-01	AbsError: 1.79786e+14
      Equation: "ElectronContinuityEquation"	RelError: 2.46212e-01	AbsError: 8.98932e+13
      Equation: "HoleContinuityEquation"	RelError: 2.46186e-01	AbsError: 8.98932e+13
      Equation: "PotentialEquation"	RelError: 1.67405e-03	AbsError: 6.16526e-05
Iteration: 2
  Device: "d"	RelError: 8.41114e-04	AbsError: 3.26085e+10
    Region: "Si"	RelError: 8.41114e-04	AbsError: 3.26085e+10
      Equation: "ElectronContinuityEquation"	RelError: 4.20504e-04	AbsError: 1.63043e+10
      Equation: "HoleContinuityEquation"	RelError: 4.20509e-04	AbsError: 1.63043e+10
      Equation: "PotentialEquation"	RelError: 1.01023e-07	AbsError: 5.05737e-09
Iteration: 3
  Device: "d"	RelError: 1.13404e-10	AbsError: 5.17570e+02
    Region: "Si"	RelError: 1.13404e-10	AbsError: 5.17570e+02
      Equation: "ElectronContinuityEquation"	RelError: 5.67124e-11	AbsError: 2.59063e+02
      Equation: "HoleContinuityEquation"	RelError: 5.66889e-11	AbsError: 2.58506e+02
      Equation: "PotentialEquation"	RelError: 3.23332e-15	AbsError: 4.38951e-17
Iteration: 4
  Device: "d"	RelError: 7.63090e-15	AbsError: 1.36824e+01
    Region: "Si"	RelError: 7.63090e-15	AbsError: 1.36824e+01
      Equation: "ElectronContinuityEquation"	RelError: 7.22252e-16	AbsError: 5.37232e+00
      Equation: "HoleContinuityEquation"	RelError: 7.22248e-16	AbsError: 8.31004e+00
      Equation: "PotentialEquation"	RelError: 6.18640e-15	AbsError: 1.86970e-17
### SOLVE-END C+0.050
Replacing Edge Model x@n0 in region Si of material Si
Replacing Edge Model x@n1 in region Si of material Si
Replacing Edge Model node_index@n0 in region Si of material Si
Replacing Edge Model node_index@n1 in region Si of material Si
### SOLVE-BEGIN C+0.075
number of equations 12726
Iteration: 0
  Device: "d"	RelError: 2.18851e+00	AbsError: 5.76417e+15
    Region: "Si"	RelError: 2.18851e+00	AbsError: 5.76417e+15
      Equation: "ElectronContinuityEquation"	RelError: 4.86536e-01	AbsError: 2.88209e+15
      Equation: "HoleContinuityEquation"	RelError: 4.86514e-01	AbsError: 2.88209e+15
      Equation: "PotentialEquation"	RelError: 1.21546e+00	AbsError: 2.50000e-02
Iteration: 1
  Device: "d"	RelError: 4.97407e-01	AbsError: 1.89914e+14
    Region: "Si"	RelError: 4.97407e-01	AbsError: 1.89914e+14
      Equation: "ElectronContinuityEquation"	RelError: 2.48522e-01	AbsError: 9.49570e+13
      Equation: "HoleContinuityEquation"	RelError: 2.48506e-01	AbsError: 9.49570e+13
      Equation: "PotentialEquation"	RelError: 3.79390e-04	AbsError: 6.31014e-05
Iteration: 2
  Device: "d"	RelError: 8.60336e-04	AbsError: 3.37519e+10
    Region: "Si"	RelError: 8.60336e-04	AbsError: 3.37519e+10
      Equation: "ElectronContinuityEquation"	RelError: 4.30153e-04	AbsError: 1.68759e+10
      Equation: "HoleContinuityEquation"	RelError: 4.30159e-04	AbsError: 1.68759e+10
      Equation: "PotentialEquation"	RelError: 2.46214e-08	AbsError: 5.38895e-09
Iteration: 3
  Device: "d"	RelError: 1.24351e-10	AbsError: 6.15874e+02
    Region: "Si"	RelError: 1.24351e-10	AbsError: 6.15874e+02
      Equation: "ElectronContinuityEquation"	RelError: 6.21847e-11	AbsError: 3.19049e+02
      Equation: "HoleContinuityEquation"	RelError: 6.21627e-11	AbsError: 2.96826e+02
      Equation: "PotentialEquation"	RelError: 3.91194e-15	AbsError: 5.18951e-17
Iteration: 4
  Device: "d"	RelError: 5.96149e-15	AbsError: 2.85355e+01
    Region: "Si"	RelError: 5.96149e-15	AbsError: 2.85355e+01
      Equation: "ElectronContinuityEquation"	RelError: 1.43714e-15	AbsError: 1.18911e+01
      Equation: "HoleContinuityEquation"	RelError: 1.43714e-15	AbsError: 1.66444e+01
      Equation: "PotentialEquation"	RelError: 3.08722e-15	AbsError: 3.72034e-17
### SOLVE-END C+0.075
### SOLVE-BEGIN C+0.100
number of equations 12726
Iteration: 0
  Device: "d"	RelError: 1.53428e+00	AbsError: 5.82076e+15
    Region: "Si"	RelError: 1.53428e+00	AbsError: 5.82076e+15
      Equation: "ElectronContinuityEquation"	RelError: 4.88575e-01	AbsError: 2.91038e+15
      Equation: "HoleContinuityEquation"	RelError: 4.88562e-01	AbsError: 2.91038e+15
      Equation: "PotentialEquation"	RelError: 5.57138e-01	AbsError: 2.50000e-02
Iteration: 1
  Device: "d"	RelError: 4.99867e-01	AbsError: 1.98115e+14
    Region: "Si"	RelError: 4.99867e-01	AbsError: 1.98115e+14
      Equation: "ElectronContinuityEquation"	RelError: 2.49682e-01	AbsError: 9.90573e+13
      Equation: "HoleContinuityEquation"	RelError: 2.49672e-01	AbsError: 9.90573e+13
      Equation: "PotentialEquation"	RelError: 5.12602e-04	AbsError: 6.44620e-05
Iteration: 2
  Device: "d"	RelError: 8.78089e-04	AbsError: 3.41868e+10
    Region: "Si"	RelError: 8.78089e-04	AbsError: 3.41868e+10
      Equation: "ElectronContinuityEquation"	RelError: 4.39023e-04	AbsError: 1.70934e+10
      Equation: "HoleContinuityEquation"	RelError: 4.39030e-04	AbsError: 1.70934e+10
      Equation: "PotentialEquation"	RelError: 3.58350e-08	AbsError: 5.71263e-09
Iteration: 3
  Device: "d"	RelError: 1.35287e-10	AbsError: 6.73459e+02
    Region: "Si"	RelError: 1.35287e-10	AbsError: 6.73459e+02
      Equation: "ElectronContinuityEquation"	RelError: 6.76540e-11	AbsError: 3.45055e+02
      Equation: "HoleContinuityEquation"	RelError: 6.76318e-11	AbsError: 3.28404e+02
      Equation: "PotentialEquation"	RelError: 1.41259e-15	AbsError: 5.69292e-17
Iteration: 4
  Device: "d"	RelError: 6.23794e-15	AbsError: 4.13989e+01
    Region: "Si"	RelError: 6.23794e-15	AbsError: 4.13989e+01
      Equation: "ElectronContinuityEquation"	RelError: 2.07674e-15	AbsError: 2.34818e+01
      Equation: "HoleContinuityEquation"	RelError: 2.07674e-15	AbsError: 1.79170e+01
      Equation: "PotentialEquation"	RelError: 2.08445e-15	AbsError: 5.37610e-17
### SOLVE-END C+0.100
Replacing Edge Model x@n0 in region Si of material Si
Replacing Edge Model x@n1 in region Si of material Si
Replacing Edge Model node_index@n0 in region Si of material Si
Replacing Edge Model node_index@n1 in region Si of material Si
Physical group name Si has 0 Tetrahedra.
Physical group name Si has 8040 Triangles.
Physical group name Si has 12281 Lines.
Physical group name Si has 4242 Points.
Physical group name left has 0 Tetrahedra.
Physical group name left has 0 Triangles.
Physical group name left has 20 Lines.
Physical group name left has 21 Points.
Physical group name right has 0 Tetrahedra.
Physical group name right has 0 Triangles.
Physical group name right has 20 Lines.
Physical group name right has 21 Points.
Device d has 4242 coordinates with max index 4241
Region Si has 4242 nodes.
Contact left in region Si with 21 nodes
Contact right in region Si with 21 nodes
Creating Node Solution Potential
### SOLVE-BEGIN Arev
number of equations 4242
Iteration: 0
  Device: "d"	RelError: 1.00000e+00	AbsError: 1.37947e-01
    Region: "Si"	RelError: 1.00000e+00	AbsError: 1.37947e-01
      Equation: "PotentialEquation"	RelError: 1.00000e+00	AbsError: 1.37947e-01
Iteration: 1
  Device: "d"	RelError: 4.98626e-01	AbsError: 1.37191e-01
    Region: "Si"	RelError: 4.98626e-01	AbsError: 1.37191e-01
      Equation: "PotentialEquation"	RelError: 4.98626e-01	AbsError: 1.37191e-01
Iteration: 2
  Device: "d"	RelError: 3.14427e-01	AbsError: 1.25169e-01
    Region: "Si"	RelError: 3.14427e-01	AbsError: 1.25169e-01
      Equation: "PotentialEquation"	RelError: 3.14427e-01	AbsError: 1.25169e-01
Iteration: 3
  Device: "d"	RelError: 5.26469e-01	AbsError: 6.12167e-02
    Region: "Si"	RelError: 5.26469e-01	AbsError: 6.12167e-02
      Equation: "PotentialEquation"	RelError: 5.26469e-01	AbsError: 6.12167e-02
Iteration: 4
  Device: "d"	RelError: 8.37229e-01	AbsError: 5.01960e-02
    Region: "Si"	RelError: 8.37229e-01	AbsError: 5.01960e-02
      Equation: "PotentialEquation"	RelError: 8.37229e-01	AbsError: 5.01960e-02
Iteration: 5
  Device: "d"	RelError: 2.90291e-01	AbsError: 4.17220e-02
    Region: "Si"	RelError: 2.90291e-01	AbsError: 4.17220e-02
      Equation: "PotentialEquation"	RelError: 2.90291e-01	AbsError: 4.17220e-02
Iteration: 6
  Device: "d"	RelError: 8.18607e-02	AbsError: 3.16681e-02
    Region: "Si"	RelError: 8.18607e-02	AbsError: 3.16681e-02
      Equation: "PotentialEquation"	RelError: 8.18607e-02	AbsError: 3.16681e-02
Iteration: 7
  Device: "d"	RelError: 5.20227e-02	AbsError: 2.17236e-02
    Region: "Si"	RelError: 5.20227e-02	AbsError: 2.17236e-02
      Equation: "PotentialEquation"	RelError: 5.20227e-02	AbsError: 2.17236e-02
Iteration: 8
  Device: "d"	RelError: 2.46584e-02	AbsError: 1.02888e-02
    Region: "Si"	RelError: 2.46584e-02	AbsError: 1.02888e-02
      Equation: "PotentialEquation"	RelError: 2.46584e-02	AbsError: 1.02888e-02
Iteration: 9
  Device: "d"	RelError: 1.64718e-06	AbsError: 6.87291e-07
    Region: "Si"	RelError: 1.64718e-06	AbsError: 6.87291e-07
      Equation: "PotentialEquation"	RelError: 1.64718e-06	AbsError: 6.87291e-07
Iteration: 10
  Device: "d"	RelError: 8.50630e-12	AbsError: 3.54927e-12
    Region: "Si"	RelError: 8.50630e-12	AbsError: 3.54927e-12
      Equation: "PotentialEquation"	RelError: 8.50630e-12	AbsError: 3.54927e-12
### SOLVE-END Arev
Warning: Replacing equation with equation of the same name.
Region: Si, Equation: PotentialEquation, Variable: Potential
### SOLVE-BEGIN B0rev
number of equations 12726
Iteration: 0
  Device: "d"	RelError: 1.65552e-15	AbsError: 1.08071e+01
    Region: "Si"	RelError: 1.65552e-15	AbsError: 1.08071e+01
      Equation: "ElectronContinuityEquation"	RelError: 6.42374e-16	AbsError: 2.06334e+00
      Equation: "HoleContinuityEquation"	RelError: 6.42374e-16	AbsError: 8.74371e+00
      Equation: "PotentialEquation"	RelError: 3.70771e-16	AbsError: 1.66293e-17
### SOLVE-END B0rev
### SOLVE-BEGIN C-0.025
number of equations 12726
Iteration: 0
  Device: "d"	RelError: 2.12779e+01	AbsError: 5.56112e+15
    Region: "Si"	RelError: 2.12779e+01	AbsError: 5.56112e+15
      Equation: "ElectronContinuityEquation"	RelError: 1.02789e+01	AbsError: 2.78056e+15
      Equation: "HoleContinuityEquation"	RelError: 1.02537e+01	AbsError: 2.78056e+15
      Equation: "PotentialEquation"	RelError: 7.45318e-01	AbsError: 2.50000e-02
Iteration: 1
  Device: "d"	RelError: 1.56622e+00	AbsError: 1.72123e+14
    Region: "Si"	RelError: 1.56622e+00	AbsError: 1.72123e+14
      Equation: "ElectronContinuityEquation"	RelError: 7.83261e-01	AbsError: 8.60615e+13
      Equation: "HoleContinuityEquation"	RelError: 7.82743e-01	AbsError: 8.60615e+13
      Equation: "PotentialEquation"	RelError: 2.19485e-04	AbsError: 5.90969e-05
Iteration: 2
  Device: "d"	RelError: 1.76882e-03	AbsError: 2.87833e+10
    Region: "Si"	RelError: 1.76882e-03	AbsError: 2.87833e+10
      Equation: "ElectronContinuityEquation"	RelError: 8.84351e-04	AbsError: 1.43916e+10
      Equation: "HoleContinuityEquation"	RelError: 8.84455e-04	AbsError: 1.43916e+10
      Equation: "PotentialEquation"	RelError: 1.13993e-08	AbsError: 4.59635e-09
Iteration: 3
  Device: "d"	RelError: 2.54872e-10	AbsError: 4.71728e+02
    Region: "Si"	RelError: 2.54872e-10	AbsError: 4.71728e+02
      Equation: "ElectronContinuityEquation"	RelError: 1.27530e-10	AbsError: 2.25831e+02
      Equation: "HoleContinuityEquation"	RelError: 1.27340e-10	AbsError: 2.45898e+02
      Equation: "PotentialEquation"	RelError: 2.42222e-15	AbsError: 4.40707e-17
Iteration: 4
  Device: "d"	RelError: 8.23243e-15	AbsError: 4.23835e+01
    Region: "Si"	RelError: 8.23243e-15	AbsError: 4.23835e+01
      Equation: "ElectronContinuityEquation"	RelError: 2.32077e-15	AbsError: 2.60130e+01
      Equation: "HoleContinuityEquation"	RelError: 2.32076e-15	AbsError: 1.63705e+01
      Equation: "PotentialEquation"	RelError: 3.59090e-15	AbsError: 6.00781e-17
### SOLVE-END C-0.025
### SOLVE-BEGIN C-0.050
number of equations 12726
Iteration: 0
  Device: "d"	RelError: 1.76945e+01	AbsError: 5.42086e+15
    Region: "Si"	RelError: 1.76945e+01	AbsError: 5.42086e+15
      Equation: "ElectronContinuityEquation"	RelError: 7.39146e+00	AbsError: 2.71043e+15
      Equation: "HoleContinuityEquation"	RelError: 7.36734e+00	AbsError: 2.71043e+15
      Equation: "PotentialEquation"	RelError: 2.93573e+00	AbsError: 2.50000e-02
Iteration: 1
  Device: "d"	RelError: 1.43906e+00	AbsError: 1.67685e+14
    Region: "Si"	RelError: 1.43906e+00	AbsError: 1.67685e+14
      Equation: "ElectronContinuityEquation"	RelError: 7.19452e-01	AbsError: 8.38424e+13
      Equation: "HoleContinuityEquation"	RelError: 7.18788e-01	AbsError: 8.38424e+13
      Equation: "PotentialEquation"	RelError: 8.25090e-04	AbsError: 5.75089e-05
Iteration: 2
  Device: "d"	RelError: 1.71726e-03	AbsError: 2.71435e+10
    Region: "Si"	RelError: 1.71726e-03	AbsError: 2.71435e+10
      Equation: "ElectronContinuityEquation"	RelError: 8.58484e-04	AbsError: 1.35718e+10
      Equation: "HoleContinuityEquation"	RelError: 8.58735e-04	AbsError: 1.35718e+10
      Equation: "PotentialEquation"	RelError: 4.00905e-08	AbsError: 4.37865e-09
Iteration: 3
  Device: "d"	RelError: 1.76441e-10	AbsError: 4.67721e+02
    Region: "Si"	RelError: 1.76441e-10	AbsError: 4.67721e+02
      Equation: "ElectronContinuityEquation"	RelError: 8.82892e-11	AbsError: 2.19309e+02
      Equation: "HoleContinuityEquation"	RelError: 8.81375e-11	AbsError: 2.48412e+02
      Equation: "PotentialEquation"	RelError: 1.44935e-14	AbsError: 6.12585e-17
Iteration: 4
  Device: "d"	RelError: 7.51899e-15	AbsError: 1.90762e+01
    Region: "Si"	RelError: 7.51899e-15	AbsError: 1.90762e+01
      Equation: "ElectronContinuityEquation"	RelError: 1.08413e-15	AbsError: 7.27840e+00
      Equation: "HoleContinuityEquation"	RelError: 1.08414e-15	AbsError: 1.17978e+01
      Equation: "PotentialEquation"	RelError: 5.35072e-15	AbsError: 2.80654e-17
### SOLVE-END C-0.050
### SOLVE-BEGIN C-0.075
number of equations 12726
Iteration: 0
  Device: "d"	RelError: 1.24788e+01	AbsError: 5.39050e+15
    Region: "Si"	RelError: 1.24788e+01	AbsError: 5.39050e+15
      Equation: "ElectronContinuityEquation"	RelError: 5.49037e+00	AbsError: 2.69525e+15
      Equation: "HoleContinuityEquation"	RelError: 5.47290e+00	AbsError: 2.69525e+15
      Equation: "PotentialEquation"	RelError: 1.51552e+00	AbsError: 2.50000e-02
Iteration: 1
  Device: "d"	RelError: 1.29699e+00	AbsError: 1.61425e+14
    Region: "Si"	RelError: 1.29699e+00	AbsError: 1.61425e+14
      Equation: "ElectronContinuityEquation"	RelError: 6.48656e-01	AbsError: 8.07126e+13
      Equation: "HoleContinuityEquation"	RelError: 6.47928e-01	AbsError: 8.07126e+13
      Equation: "PotentialEquation"	RelError: 4.06347e-04	AbsError: 5.63800e-05
Iteration: 2
  Device: "d"	RelError: 1.65936e-03	AbsError: 2.68457e+10
    Region: "Si"	RelError: 1.65936e-03	AbsError: 2.68457e+10
      Equation: "ElectronContinuityEquation"	RelError: 8.29361e-04	AbsError: 1.34228e+10
      Equation: "HoleContinuityEquation"	RelError: 8.29981e-04	AbsError: 1.34228e+10
      Equation: "PotentialEquation"	RelError: 1.85057e-08	AbsError: 4.15201e-09
Iteration: 3
  Device: "d"	RelError: 1.27876e-10	AbsError: 4.18482e+02
    Region: "Si"	RelError: 1.27876e-10	AbsError: 4.18482e+02
      Equation: "ElectronContinuityEquation"	RelError: 6.37846e-11	AbsError: 1.90684e+02
      Equation: "HoleContinuityEquation"	RelError: 6.40835e-11	AbsError: 2.27798e+02
      Equation: "PotentialEquation"	RelError: 8.24345e-15	AbsError: 6.56404e-17
Iteration: 4
  Device: "d"	RelError: 4.01333e-15	AbsError: 1.08610e+01
    Region: "Si"	RelError: 4.01333e-15	AbsError: 1.08610e+01
      Equation: "ElectronContinuityEquation"	RelError: 8.07701e-16	AbsError: 5.27374e+00
      Equation: "HoleContinuityEquation"	RelError: 8.07704e-16	AbsError: 5.58731e+00
      Equation: "PotentialEquation"	RelError: 2.39793e-15	AbsError: 2.09092e-17
### SOLVE-END C-0.075
### SOLVE-BEGIN C-0.100
number of equations 12726
Iteration: 0
  Device: "d"	RelError: 9.10644e+00	AbsError: 5.33490e+15
    Region: "Si"	RelError: 9.10644e+00	AbsError: 5.33490e+15
      Equation: "ElectronContinuityEquation"	RelError: 4.26109e+00	AbsError: 2.66745e+15
      Equation: "HoleContinuityEquation"	RelError: 4.24285e+00	AbsError: 2.66745e+15
      Equation: "PotentialEquation"	RelError: 6.02498e-01	AbsError: 2.50000e-02
Iteration: 1
  Device: "d"	RelError: 1.16520e+00	AbsError: 1.53691e+14
    Region: "Si"	RelError: 1.16520e+00	AbsError: 1.53691e+14
      Equation: "ElectronContinuityEquation"	RelError: 5.82987e-01	AbsError: 7.68454e+13
      Equation: "HoleContinuityEquation"	RelError: 5.81950e-01	AbsError: 7.68454e+13
      Equation: "PotentialEquation"	RelError: 2.59310e-04	AbsError: 5.52951e-05
Iteration: 2
  Device: "d"	RelError: 1.59166e-03	AbsError: 2.60028e+10
    Region: "Si"	RelError: 1.59166e-03	AbsError: 2.60028e+10
      Equation: "ElectronContinuityEquation"	RelError: 7.95063e-04	AbsError: 1.30014e+10
      Equation: "HoleContinuityEquation"	RelError: 7.96584e-04	AbsError: 1.30014e+10
      Equation: "PotentialEquation"	RelError: 1.10874e-08	AbsError: 3.91837e-09
Iteration: 3
  Device: "d"	RelError: 9.65506e-11	AbsError: 3.58988e+02
    Region: "Si"	RelError: 9.65506e-11	AbsError: 3.58988e+02
      Equation: "ElectronContinuityEquation"	RelError: 4.79820e-11	AbsError: 1.63125e+02
      Equation: "HoleContinuityEquation"	RelError: 4.85650e-11	AbsError: 1.95863e+02
      Equation: "PotentialEquation"	RelError: 3.54215e-15	AbsError: 7.53162e-17
### SOLVE-END C-0.100
Replacing Edge Model x@n0 in region Si of material Si
Replacing Edge Model x@n1 in region Si of material Si
Replacing Edge Model node_index@n0 in region Si of material Si
Replacing Edge Model node_index@n1 in region Si of material Si

[worker_d3] wrote E1_M2_D0_h0.005_P12.json error=False

[d3] E1_M2_D0_h0.005_P12 completed=True in 21.0 s

[d3] ===== E1_M2_D0_h0.005_P4 =====
Searching DEVSIM_MATH_LIBS="mkl_rt.3.dll"
Loading "mkl_rt.3.dll": Intel MKL with PARDISO LOADED
Physical group name Si has 0 Tetrahedra.
Physical group name Si has 8040 Triangles.
Physical group name Si has 12281 Lines.
Physical group name Si has 4242 Points.
Physical group name left has 0 Tetrahedra.
Physical group name left has 0 Triangles.
Physical group name left has 20 Lines.
Physical group name left has 21 Points.
Physical group name right has 0 Tetrahedra.
Physical group name right has 0 Triangles.
Physical group name right has 20 Lines.
Physical group name right has 21 Points.
Device d has 4242 coordinates with max index 4241
Region Si has 4242 nodes.
Contact left in region Si with 21 nodes
Contact right in region Si with 21 nodes
Creating Node Solution Potential
### SOLVE-BEGIN A
number of equations 4242
Iteration: 0
  Device: "d"	RelError: 1.00000e+00	AbsError: 1.37947e-01
    Region: "Si"	RelError: 1.00000e+00	AbsError: 1.37947e-01
      Equation: "PotentialEquation"	RelError: 1.00000e+00	AbsError: 1.37947e-01
Iteration: 1
  Device: "d"	RelError: 4.98626e-01	AbsError: 1.37191e-01
    Region: "Si"	RelError: 4.98626e-01	AbsError: 1.37191e-01
      Equation: "PotentialEquation"	RelError: 4.98626e-01	AbsError: 1.37191e-01
Iteration: 2
  Device: "d"	RelError: 3.14427e-01	AbsError: 1.25169e-01
    Region: "Si"	RelError: 3.14427e-01	AbsError: 1.25169e-01
      Equation: "PotentialEquation"	RelError: 3.14427e-01	AbsError: 1.25169e-01
Iteration: 3
  Device: "d"	RelError: 5.26469e-01	AbsError: 6.12167e-02
    Region: "Si"	RelError: 5.26469e-01	AbsError: 6.12167e-02
      Equation: "PotentialEquation"	RelError: 5.26469e-01	AbsError: 6.12167e-02
Iteration: 4
  Device: "d"	RelError: 8.37229e-01	AbsError: 5.01960e-02
    Region: "Si"	RelError: 8.37229e-01	AbsError: 5.01960e-02
      Equation: "PotentialEquation"	RelError: 8.37229e-01	AbsError: 5.01960e-02
Iteration: 5
  Device: "d"	RelError: 2.90291e-01	AbsError: 4.17220e-02
    Region: "Si"	RelError: 2.90291e-01	AbsError: 4.17220e-02
      Equation: "PotentialEquation"	RelError: 2.90291e-01	AbsError: 4.17220e-02
Iteration: 6
  Device: "d"	RelError: 8.18607e-02	AbsError: 3.16681e-02
    Region: "Si"	RelError: 8.18607e-02	AbsError: 3.16681e-02
      Equation: "PotentialEquation"	RelError: 8.18607e-02	AbsError: 3.16681e-02
Iteration: 7
  Device: "d"	RelError: 5.20227e-02	AbsError: 2.17236e-02
    Region: "Si"	RelError: 5.20227e-02	AbsError: 2.17236e-02
      Equation: "PotentialEquation"	RelError: 5.20227e-02	AbsError: 2.17236e-02
Iteration: 8
  Device: "d"	RelError: 2.46584e-02	AbsError: 1.02888e-02
    Region: "Si"	RelError: 2.46584e-02	AbsError: 1.02888e-02
      Equation: "PotentialEquation"	RelError: 2.46584e-02	AbsError: 1.02888e-02
Iteration: 9
  Device: "d"	RelError: 1.64718e-06	AbsError: 6.87291e-07
    Region: "Si"	RelError: 1.64718e-06	AbsError: 6.87291e-07
      Equation: "PotentialEquation"	RelError: 1.64718e-06	AbsError: 6.87291e-07
Iteration: 10
  Device: "d"	RelError: 8.50630e-12	AbsError: 3.54927e-12
    Region: "Si"	RelError: 8.50630e-12	AbsError: 3.54927e-12
      Equation: "PotentialEquation"	RelError: 8.50630e-12	AbsError: 3.54927e-12
### SOLVE-END A
Warning: Replacing equation with equation of the same name.
Region: Si, Equation: PotentialEquation, Variable: Potential
### SOLVE-BEGIN B0
number of equations 12726
Iteration: 0
  Device: "d"	RelError: 9.22731e-21	AbsError: 8.94960e-04
    Region: "Si"	RelError: 9.22731e-21	AbsError: 8.94960e-04
      Equation: "ElectronContinuityEquation"	RelError: 4.47484e-21	AbsError: 4.47484e-04
      Equation: "HoleContinuityEquation"	RelError: 4.47484e-21	AbsError: 4.47476e-04
      Equation: "PotentialEquation"	RelError: 2.77628e-22	AbsError: 1.15841e-22
### SOLVE-END B0
### SOLVE-BEGIN C+0.025
number of equations 12726
Iteration: 0
  Device: "d"	RelError: 1.80201e+00	AbsError: 5.56112e+15
    Region: "Si"	RelError: 1.80201e+00	AbsError: 5.56112e+15
      Equation: "ElectronContinuityEquation"	RelError: 4.76807e-01	AbsError: 2.78056e+15
      Equation: "HoleContinuityEquation"	RelError: 4.76752e-01	AbsError: 2.78056e+15
      Equation: "PotentialEquation"	RelError: 8.48449e-01	AbsError: 2.50000e-02
Iteration: 1
  Device: "d"	RelError: 4.84109e-01	AbsError: 1.73903e+14
    Region: "Si"	RelError: 4.84109e-01	AbsError: 1.73903e+14
      Equation: "ElectronContinuityEquation"	RelError: 2.41956e-01	AbsError: 8.69517e+13
      Equation: "HoleContinuityEquation"	RelError: 2.41913e-01	AbsError: 8.69517e+13
      Equation: "PotentialEquation"	RelError: 2.40010e-04	AbsError: 6.01360e-05
Iteration: 2
  Device: "d"	RelError: 8.20464e-04	AbsError: 3.07201e+10
    Region: "Si"	RelError: 8.20464e-04	AbsError: 3.07201e+10
      Equation: "ElectronContinuityEquation"	RelError: 4.10222e-04	AbsError: 1.53601e+10
      Equation: "HoleContinuityEquation"	RelError: 4.10229e-04	AbsError: 1.53601e+10
      Equation: "PotentialEquation"	RelError: 1.34982e-08	AbsError: 4.77298e-09
Iteration: 3
  Device: "d"	RelError: 1.02660e-10	AbsError: 4.09176e+02
    Region: "Si"	RelError: 1.02660e-10	AbsError: 4.09176e+02
      Equation: "ElectronContinuityEquation"	RelError: 5.13280e-11	AbsError: 2.04598e+02
      Equation: "HoleContinuityEquation"	RelError: 5.13315e-11	AbsError: 2.04577e+02
      Equation: "PotentialEquation"	RelError: 1.01819e-16	AbsError: 3.97490e-17
Iteration: 4
  Device: "d"	RelError: 6.76887e-24	AbsError: 2.12083e-08
    Region: "Si"	RelError: 6.76887e-24	AbsError: 2.12083e-08
      Equation: "ElectronContinuityEquation"	RelError: 2.44120e-24	AbsError: 1.05751e-08
      Equation: "HoleContinuityEquation"	RelError: 4.17429e-24	AbsError: 1.06333e-08
      Equation: "PotentialEquation"	RelError: 1.53386e-25	AbsError: 3.18204e-26
### SOLVE-END C+0.025
### SOLVE-BEGIN C+0.050
number of equations 12726
Iteration: 0
  Device: "d"	RelError: 6.59415e+00	AbsError: 5.67720e+15
    Region: "Si"	RelError: 6.59415e+00	AbsError: 5.67720e+15
      Equation: "ElectronContinuityEquation"	RelError: 4.82843e-01	AbsError: 2.83860e+15
      Equation: "HoleContinuityEquation"	RelError: 4.82807e-01	AbsError: 2.83860e+15
      Equation: "PotentialEquation"	RelError: 5.62849e+00	AbsError: 2.50000e-02
Iteration: 1
  Device: "d"	RelError: 4.94072e-01	AbsError: 1.79786e+14
    Region: "Si"	RelError: 4.94072e-01	AbsError: 1.79786e+14
      Equation: "ElectronContinuityEquation"	RelError: 2.46212e-01	AbsError: 8.98932e+13
      Equation: "HoleContinuityEquation"	RelError: 2.46186e-01	AbsError: 8.98932e+13
      Equation: "PotentialEquation"	RelError: 1.67405e-03	AbsError: 6.16526e-05
Iteration: 2
  Device: "d"	RelError: 8.41114e-04	AbsError: 3.26085e+10
    Region: "Si"	RelError: 8.41114e-04	AbsError: 3.26085e+10
      Equation: "ElectronContinuityEquation"	RelError: 4.20504e-04	AbsError: 1.63043e+10
      Equation: "HoleContinuityEquation"	RelError: 4.20509e-04	AbsError: 1.63043e+10
      Equation: "PotentialEquation"	RelError: 1.01023e-07	AbsError: 5.05737e-09
Iteration: 3
  Device: "d"	RelError: 1.13401e-10	AbsError: 5.08256e+02
    Region: "Si"	RelError: 1.13401e-10	AbsError: 5.08256e+02
      Equation: "ElectronContinuityEquation"	RelError: 5.67124e-11	AbsError: 2.54120e+02
      Equation: "HoleContinuityEquation"	RelError: 5.66889e-11	AbsError: 2.54136e+02
      Equation: "PotentialEquation"	RelError: 1.20909e-16	AbsError: 4.38127e-17
Iteration: 4
  Device: "d"	RelError: 2.90490e-23	AbsError: 1.96323e-08
    Region: "Si"	RelError: 2.90490e-23	AbsError: 1.96323e-08
      Equation: "ElectronContinuityEquation"	RelError: 3.18115e-24	AbsError: 1.11197e-08
      Equation: "HoleContinuityEquation"	RelError: 3.37718e-24	AbsError: 8.51252e-09
      Equation: "PotentialEquation"	RelError: 2.24907e-23	AbsError: 7.25532e-26
### SOLVE-END C+0.050
Replacing Edge Model x@n0 in region Si of material Si
Replacing Edge Model x@n1 in region Si of material Si
Replacing Edge Model node_index@n0 in region Si of material Si
Replacing Edge Model node_index@n1 in region Si of material Si
### SOLVE-BEGIN C+0.075
number of equations 12726
Iteration: 0
  Device: "d"	RelError: 2.18851e+00	AbsError: 5.76417e+15
    Region: "Si"	RelError: 2.18851e+00	AbsError: 5.76417e+15
      Equation: "ElectronContinuityEquation"	RelError: 4.86536e-01	AbsError: 2.88209e+15
      Equation: "HoleContinuityEquation"	RelError: 4.86514e-01	AbsError: 2.88209e+15
      Equation: "PotentialEquation"	RelError: 1.21546e+00	AbsError: 2.50000e-02
Iteration: 1
  Device: "d"	RelError: 4.97407e-01	AbsError: 1.89914e+14
    Region: "Si"	RelError: 4.97407e-01	AbsError: 1.89914e+14
      Equation: "ElectronContinuityEquation"	RelError: 2.48522e-01	AbsError: 9.49570e+13
      Equation: "HoleContinuityEquation"	RelError: 2.48506e-01	AbsError: 9.49570e+13
      Equation: "PotentialEquation"	RelError: 3.79390e-04	AbsError: 6.31014e-05
Iteration: 2
  Device: "d"	RelError: 8.60336e-04	AbsError: 3.37519e+10
    Region: "Si"	RelError: 8.60336e-04	AbsError: 3.37519e+10
      Equation: "ElectronContinuityEquation"	RelError: 4.30153e-04	AbsError: 1.68759e+10
      Equation: "HoleContinuityEquation"	RelError: 4.30159e-04	AbsError: 1.68759e+10
      Equation: "PotentialEquation"	RelError: 2.46214e-08	AbsError: 5.38895e-09
Iteration: 3
  Device: "d"	RelError: 1.24348e-10	AbsError: 6.13428e+02
    Region: "Si"	RelError: 1.24348e-10	AbsError: 6.13428e+02
      Equation: "ElectronContinuityEquation"	RelError: 6.21848e-11	AbsError: 3.06710e+02
      Equation: "HoleContinuityEquation"	RelError: 6.21627e-11	AbsError: 3.06718e+02
      Equation: "PotentialEquation"	RelError: 1.46467e-16	AbsError: 4.94731e-17
Iteration: 4
  Device: "d"	RelError: 1.82795e-23	AbsError: 2.30463e-08
    Region: "Si"	RelError: 1.82795e-23	AbsError: 2.30463e-08
      Equation: "ElectronContinuityEquation"	RelError: 7.47124e-24	AbsError: 1.24265e-08
      Equation: "HoleContinuityEquation"	RelError: 6.51204e-24	AbsError: 1.06198e-08
      Equation: "PotentialEquation"	RelError: 4.29619e-24	AbsError: 8.58484e-26
### SOLVE-END C+0.075
### SOLVE-BEGIN C+0.100
number of equations 12726
Iteration: 0
  Device: "d"	RelError: 1.53428e+00	AbsError: 5.82076e+15
    Region: "Si"	RelError: 1.53428e+00	AbsError: 5.82076e+15
      Equation: "ElectronContinuityEquation"	RelError: 4.88575e-01	AbsError: 2.91038e+15
      Equation: "HoleContinuityEquation"	RelError: 4.88562e-01	AbsError: 2.91038e+15
      Equation: "PotentialEquation"	RelError: 5.57138e-01	AbsError: 2.50000e-02
Iteration: 1
  Device: "d"	RelError: 4.99867e-01	AbsError: 1.98115e+14
    Region: "Si"	RelError: 4.99867e-01	AbsError: 1.98115e+14
      Equation: "ElectronContinuityEquation"	RelError: 2.49682e-01	AbsError: 9.90573e+13
      Equation: "HoleContinuityEquation"	RelError: 2.49672e-01	AbsError: 9.90573e+13
      Equation: "PotentialEquation"	RelError: 5.12602e-04	AbsError: 6.44620e-05
Iteration: 2
  Device: "d"	RelError: 8.78089e-04	AbsError: 3.41868e+10
    Region: "Si"	RelError: 8.78089e-04	AbsError: 3.41868e+10
      Equation: "ElectronContinuityEquation"	RelError: 4.39023e-04	AbsError: 1.70934e+10
      Equation: "HoleContinuityEquation"	RelError: 4.39030e-04	AbsError: 1.70934e+10
      Equation: "PotentialEquation"	RelError: 3.58350e-08	AbsError: 5.71263e-09
Iteration: 3
  Device: "d"	RelError: 1.35286e-10	AbsError: 6.65596e+02
    Region: "Si"	RelError: 1.35286e-10	AbsError: 6.65596e+02
      Equation: "ElectronContinuityEquation"	RelError: 6.76539e-11	AbsError: 3.32801e+02
      Equation: "HoleContinuityEquation"	RelError: 6.76319e-11	AbsError: 3.32795e+02
      Equation: "PotentialEquation"	RelError: 1.77336e-16	AbsError: 5.55350e-17
Iteration: 4
  Device: "d"	RelError: 9.93827e-24	AbsError: 2.78628e-08
    Region: "Si"	RelError: 9.93827e-24	AbsError: 2.78628e-08
      Equation: "ElectronContinuityEquation"	RelError: 1.83670e-24	AbsError: 1.33516e-08
      Equation: "HoleContinuityEquation"	RelError: 5.53747e-24	AbsError: 1.45112e-08
      Equation: "PotentialEquation"	RelError: 2.56410e-24	AbsError: 8.88297e-26
### SOLVE-END C+0.100
Replacing Edge Model x@n0 in region Si of material Si
Replacing Edge Model x@n1 in region Si of material Si
Replacing Edge Model node_index@n0 in region Si of material Si
Replacing Edge Model node_index@n1 in region Si of material Si
Physical group name Si has 0 Tetrahedra.
Physical group name Si has 8040 Triangles.
Physical group name Si has 12281 Lines.
Physical group name Si has 4242 Points.
Physical group name left has 0 Tetrahedra.
Physical group name left has 0 Triangles.
Physical group name left has 20 Lines.
Physical group name left has 21 Points.
Physical group name right has 0 Tetrahedra.
Physical group name right has 0 Triangles.
Physical group name right has 20 Lines.
Physical group name right has 21 Points.
Device d has 4242 coordinates with max index 4241
Region Si has 4242 nodes.
Contact left in region Si with 21 nodes
Contact right in region Si with 21 nodes
Creating Node Solution Potential
### SOLVE-BEGIN Arev
number of equations 4242
Iteration: 0
  Device: "d"	RelError: 1.00000e+00	AbsError: 1.37947e-01
    Region: "Si"	RelError: 1.00000e+00	AbsError: 1.37947e-01
      Equation: "PotentialEquation"	RelError: 1.00000e+00	AbsError: 1.37947e-01
Iteration: 1
  Device: "d"	RelError: 4.98626e-01	AbsError: 1.37191e-01
    Region: "Si"	RelError: 4.98626e-01	AbsError: 1.37191e-01
      Equation: "PotentialEquation"	RelError: 4.98626e-01	AbsError: 1.37191e-01
Iteration: 2
  Device: "d"	RelError: 3.14427e-01	AbsError: 1.25169e-01
    Region: "Si"	RelError: 3.14427e-01	AbsError: 1.25169e-01
      Equation: "PotentialEquation"	RelError: 3.14427e-01	AbsError: 1.25169e-01
Iteration: 3
  Device: "d"	RelError: 5.26469e-01	AbsError: 6.12167e-02
    Region: "Si"	RelError: 5.26469e-01	AbsError: 6.12167e-02
      Equation: "PotentialEquation"	RelError: 5.26469e-01	AbsError: 6.12167e-02
Iteration: 4
  Device: "d"	RelError: 8.37229e-01	AbsError: 5.01960e-02
    Region: "Si"	RelError: 8.37229e-01	AbsError: 5.01960e-02
      Equation: "PotentialEquation"	RelError: 8.37229e-01	AbsError: 5.01960e-02
Iteration: 5
  Device: "d"	RelError: 2.90291e-01	AbsError: 4.17220e-02
    Region: "Si"	RelError: 2.90291e-01	AbsError: 4.17220e-02
      Equation: "PotentialEquation"	RelError: 2.90291e-01	AbsError: 4.17220e-02
Iteration: 6
  Device: "d"	RelError: 8.18607e-02	AbsError: 3.16681e-02
    Region: "Si"	RelError: 8.18607e-02	AbsError: 3.16681e-02
      Equation: "PotentialEquation"	RelError: 8.18607e-02	AbsError: 3.16681e-02
Iteration: 7
  Device: "d"	RelError: 5.20227e-02	AbsError: 2.17236e-02
    Region: "Si"	RelError: 5.20227e-02	AbsError: 2.17236e-02
      Equation: "PotentialEquation"	RelError: 5.20227e-02	AbsError: 2.17236e-02
Iteration: 8
  Device: "d"	RelError: 2.46584e-02	AbsError: 1.02888e-02
    Region: "Si"	RelError: 2.46584e-02	AbsError: 1.02888e-02
      Equation: "PotentialEquation"	RelError: 2.46584e-02	AbsError: 1.02888e-02
Iteration: 9
  Device: "d"	RelError: 1.64718e-06	AbsError: 6.87291e-07
    Region: "Si"	RelError: 1.64718e-06	AbsError: 6.87291e-07
      Equation: "PotentialEquation"	RelError: 1.64718e-06	AbsError: 6.87291e-07
Iteration: 10
  Device: "d"	RelError: 8.50630e-12	AbsError: 3.54927e-12
    Region: "Si"	RelError: 8.50630e-12	AbsError: 3.54927e-12
      Equation: "PotentialEquation"	RelError: 8.50630e-12	AbsError: 3.54927e-12
### SOLVE-END Arev
Warning: Replacing equation with equation of the same name.
Region: Si, Equation: PotentialEquation, Variable: Potential
### SOLVE-BEGIN B0rev
number of equations 12726
Iteration: 0
  Device: "d"	RelError: 9.22731e-21	AbsError: 8.94960e-04
    Region: "Si"	RelError: 9.22731e-21	AbsError: 8.94960e-04
      Equation: "ElectronContinuityEquation"	RelError: 4.47484e-21	AbsError: 4.47484e-04
      Equation: "HoleContinuityEquation"	RelError: 4.47484e-21	AbsError: 4.47476e-04
      Equation: "PotentialEquation"	RelError: 2.77628e-22	AbsError: 1.15841e-22
### SOLVE-END B0rev
### SOLVE-BEGIN C-0.025
number of equations 12726
Iteration: 0
  Device: "d"	RelError: 2.12779e+01	AbsError: 5.56112e+15
    Region: "Si"	RelError: 2.12779e+01	AbsError: 5.56112e+15
      Equation: "ElectronContinuityEquation"	RelError: 1.02789e+01	AbsError: 2.78056e+15
      Equation: "HoleContinuityEquation"	RelError: 1.02537e+01	AbsError: 2.78056e+15
      Equation: "PotentialEquation"	RelError: 7.45318e-01	AbsError: 2.50000e-02
Iteration: 1
  Device: "d"	RelError: 1.56622e+00	AbsError: 1.72123e+14
    Region: "Si"	RelError: 1.56622e+00	AbsError: 1.72123e+14
      Equation: "ElectronContinuityEquation"	RelError: 7.83261e-01	AbsError: 8.60615e+13
      Equation: "HoleContinuityEquation"	RelError: 7.82743e-01	AbsError: 8.60615e+13
      Equation: "PotentialEquation"	RelError: 2.19485e-04	AbsError: 5.90969e-05
Iteration: 2
  Device: "d"	RelError: 1.76882e-03	AbsError: 2.87833e+10
    Region: "Si"	RelError: 1.76882e-03	AbsError: 2.87833e+10
      Equation: "ElectronContinuityEquation"	RelError: 8.84351e-04	AbsError: 1.43916e+10
      Equation: "HoleContinuityEquation"	RelError: 8.84455e-04	AbsError: 1.43916e+10
      Equation: "PotentialEquation"	RelError: 1.13993e-08	AbsError: 4.59635e-09
Iteration: 3
  Device: "d"	RelError: 2.54870e-10	AbsError: 4.55452e+02
    Region: "Si"	RelError: 2.54870e-10	AbsError: 4.55452e+02
      Equation: "ElectronContinuityEquation"	RelError: 1.27530e-10	AbsError: 2.27726e+02
      Equation: "HoleContinuityEquation"	RelError: 1.27340e-10	AbsError: 2.27726e+02
      Equation: "PotentialEquation"	RelError: 8.79461e-17	AbsError: 3.63176e-17
Iteration: 4
  Device: "d"	RelError: 5.34300e-24	AbsError: 8.65475e-13
    Region: "Si"	RelError: 5.34300e-24	AbsError: 8.65475e-13
      Equation: "ElectronContinuityEquation"	RelError: 1.94054e-24	AbsError: 5.45654e-13
      Equation: "HoleContinuityEquation"	RelError: 3.40215e-24	AbsError: 3.19821e-13
      Equation: "PotentialEquation"	RelError: 3.03059e-28	AbsError: 5.30121e-30
### SOLVE-END C-0.025
### SOLVE-BEGIN C-0.050
number of equations 12726
Iteration: 0
  Device: "d"	RelError: 1.76945e+01	AbsError: 5.42086e+15
    Region: "Si"	RelError: 1.76945e+01	AbsError: 5.42086e+15
      Equation: "ElectronContinuityEquation"	RelError: 7.39146e+00	AbsError: 2.71043e+15
      Equation: "HoleContinuityEquation"	RelError: 7.36734e+00	AbsError: 2.71043e+15
      Equation: "PotentialEquation"	RelError: 2.93573e+00	AbsError: 2.50000e-02
Iteration: 1
  Device: "d"	RelError: 1.43906e+00	AbsError: 1.67685e+14
    Region: "Si"	RelError: 1.43906e+00	AbsError: 1.67685e+14
      Equation: "ElectronContinuityEquation"	RelError: 7.19452e-01	AbsError: 8.38424e+13
      Equation: "HoleContinuityEquation"	RelError: 7.18788e-01	AbsError: 8.38424e+13
      Equation: "PotentialEquation"	RelError: 8.25090e-04	AbsError: 5.75089e-05
Iteration: 2
  Device: "d"	RelError: 1.71726e-03	AbsError: 2.71435e+10
    Region: "Si"	RelError: 1.71726e-03	AbsError: 2.71435e+10
      Equation: "ElectronContinuityEquation"	RelError: 8.58484e-04	AbsError: 1.35718e+10
      Equation: "HoleContinuityEquation"	RelError: 8.58735e-04	AbsError: 1.35718e+10
      Equation: "PotentialEquation"	RelError: 4.00905e-08	AbsError: 4.37865e-09
Iteration: 3
  Device: "d"	RelError: 1.76427e-10	AbsError: 4.54616e+02
    Region: "Si"	RelError: 1.76427e-10	AbsError: 4.54616e+02
      Equation: "ElectronContinuityEquation"	RelError: 8.82891e-11	AbsError: 2.27308e+02
      Equation: "HoleContinuityEquation"	RelError: 8.81375e-11	AbsError: 2.27308e+02
      Equation: "PotentialEquation"	RelError: 7.97049e-17	AbsError: 3.28850e-17
Iteration: 4
  Device: "d"	RelError: 3.32848e-24	AbsError: 2.67577e-12
    Region: "Si"	RelError: 3.32848e-24	AbsError: 2.67577e-12
      Equation: "ElectronContinuityEquation"	RelError: 1.23486e-24	AbsError: 1.43502e-12
      Equation: "HoleContinuityEquation"	RelError: 2.09337e-24	AbsError: 1.24075e-12
      Equation: "PotentialEquation"	RelError: 2.50769e-28	AbsError: 4.77055e-30
### SOLVE-END C-0.050
### SOLVE-BEGIN C-0.075
number of equations 12726
Iteration: 0
  Device: "d"	RelError: 1.24788e+01	AbsError: 5.39050e+15
    Region: "Si"	RelError: 1.24788e+01	AbsError: 5.39050e+15
      Equation: "ElectronContinuityEquation"	RelError: 5.49037e+00	AbsError: 2.69525e+15
      Equation: "HoleContinuityEquation"	RelError: 5.47290e+00	AbsError: 2.69525e+15
      Equation: "PotentialEquation"	RelError: 1.51552e+00	AbsError: 2.50000e-02
Iteration: 1
  Device: "d"	RelError: 1.29699e+00	AbsError: 1.61425e+14
    Region: "Si"	RelError: 1.29699e+00	AbsError: 1.61425e+14
      Equation: "ElectronContinuityEquation"	RelError: 6.48656e-01	AbsError: 8.07126e+13
      Equation: "HoleContinuityEquation"	RelError: 6.47928e-01	AbsError: 8.07126e+13
      Equation: "PotentialEquation"	RelError: 4.06347e-04	AbsError: 5.63800e-05
Iteration: 2
  Device: "d"	RelError: 1.65936e-03	AbsError: 2.68457e+10
    Region: "Si"	RelError: 1.65936e-03	AbsError: 2.68457e+10
      Equation: "ElectronContinuityEquation"	RelError: 8.29361e-04	AbsError: 1.34228e+10
      Equation: "HoleContinuityEquation"	RelError: 8.29981e-04	AbsError: 1.34228e+10
      Equation: "PotentialEquation"	RelError: 1.85057e-08	AbsError: 4.15201e-09
Iteration: 3
  Device: "d"	RelError: 1.27868e-10	AbsError: 4.14848e+02
    Region: "Si"	RelError: 1.27868e-10	AbsError: 4.14848e+02
      Equation: "ElectronContinuityEquation"	RelError: 6.37849e-11	AbsError: 2.07424e+02
      Equation: "HoleContinuityEquation"	RelError: 6.40831e-11	AbsError: 2.07424e+02
      Equation: "PotentialEquation"	RelError: 7.20064e-17	AbsError: 2.96803e-17
Iteration: 4
  Device: "d"	RelError: 1.36440e-24	AbsError: 1.94403e-12
    Region: "Si"	RelError: 1.36440e-24	AbsError: 1.94403e-12
      Equation: "ElectronContinuityEquation"	RelError: 8.93082e-25	AbsError: 1.07179e-12
      Equation: "HoleContinuityEquation"	RelError: 4.70921e-25	AbsError: 8.72237e-13
      Equation: "PotentialEquation"	RelError: 3.99368e-28	AbsError: 5.59790e-30
### SOLVE-END C-0.075
### SOLVE-BEGIN C-0.100
number of equations 12726
Iteration: 0
  Device: "d"	RelError: 9.10644e+00	AbsError: 5.33490e+15
    Region: "Si"	RelError: 9.10644e+00	AbsError: 5.33490e+15
      Equation: "ElectronContinuityEquation"	RelError: 4.26109e+00	AbsError: 2.66745e+15
      Equation: "HoleContinuityEquation"	RelError: 4.24285e+00	AbsError: 2.66745e+15
      Equation: "PotentialEquation"	RelError: 6.02498e-01	AbsError: 2.50000e-02
Iteration: 1
  Device: "d"	RelError: 1.16520e+00	AbsError: 1.53691e+14
    Region: "Si"	RelError: 1.16520e+00	AbsError: 1.53691e+14
      Equation: "ElectronContinuityEquation"	RelError: 5.82987e-01	AbsError: 7.68454e+13
      Equation: "HoleContinuityEquation"	RelError: 5.81950e-01	AbsError: 7.68454e+13
      Equation: "PotentialEquation"	RelError: 2.59310e-04	AbsError: 5.52951e-05
Iteration: 2
  Device: "d"	RelError: 1.59166e-03	AbsError: 2.60028e+10
    Region: "Si"	RelError: 1.59166e-03	AbsError: 2.60028e+10
      Equation: "ElectronContinuityEquation"	RelError: 7.95063e-04	AbsError: 1.30014e+10
      Equation: "HoleContinuityEquation"	RelError: 7.96584e-04	AbsError: 1.30014e+10
      Equation: "PotentialEquation"	RelError: 1.10874e-08	AbsError: 3.91837e-09
Iteration: 3
  Device: "d"	RelError: 9.65469e-11	AbsError: 3.46855e+02
    Region: "Si"	RelError: 9.65469e-11	AbsError: 3.46855e+02
      Equation: "ElectronContinuityEquation"	RelError: 4.79821e-11	AbsError: 1.73428e+02
      Equation: "HoleContinuityEquation"	RelError: 4.85647e-11	AbsError: 1.73428e+02
      Equation: "PotentialEquation"	RelError: 6.48426e-17	AbsError: 2.67001e-17
### SOLVE-END C-0.100
Replacing Edge Model x@n0 in region Si of material Si
Replacing Edge Model x@n1 in region Si of material Si
Replacing Edge Model node_index@n0 in region Si of material Si
Replacing Edge Model node_index@n1 in region Si of material Si

[worker_d3] wrote E1_M2_D0_h0.005_P4.json error=False

[d3] E1_M2_D0_h0.005_P4 completed=True in 21.4 s

[d3] ===== E2_1D_h0.005_P4_orig =====
Searching DEVSIM_MATH_LIBS="mkl_rt.3.dll"
Loading "mkl_rt.3.dll": Intel MKL with PARDISO LOADED
R
 (region: Si)
 (contact: left)
 (contact: right)
Creating Node Solution Potential
### SOLVE-BEGIN A
number of equations 202
Iteration: 0
  Device: "d"	RelError: 1.00000e+00	AbsError: 1.37947e-01
    Region: "Si"	RelError: 1.00000e+00	AbsError: 1.37947e-01
      Equation: "PotentialEquation"	RelError: 1.00000e+00	AbsError: 1.37947e-01
Iteration: 1
  Device: "d"	RelError: 4.98626e-01	AbsError: 1.37191e-01
    Region: "Si"	RelError: 4.98626e-01	AbsError: 1.37191e-01
      Equation: "PotentialEquation"	RelError: 4.98626e-01	AbsError: 1.37191e-01
Iteration: 2
  Device: "d"	RelError: 3.14427e-01	AbsError: 1.25169e-01
    Region: "Si"	RelError: 3.14427e-01	AbsError: 1.25169e-01
      Equation: "PotentialEquation"	RelError: 3.14427e-01	AbsError: 1.25169e-01
Iteration: 3
  Device: "d"	RelError: 5.26469e-01	AbsError: 6.12167e-02
    Region: "Si"	RelError: 5.26469e-01	AbsError: 6.12167e-02
      Equation: "PotentialEquation"	RelError: 5.26469e-01	AbsError: 6.12167e-02
Iteration: 4
  Device: "d"	RelError: 8.37229e-01	AbsError: 5.01960e-02
    Region: "Si"	RelError: 8.37229e-01	AbsError: 5.01960e-02
      Equation: "PotentialEquation"	RelError: 8.37229e-01	AbsError: 5.01960e-02
Iteration: 5
  Device: "d"	RelError: 2.90291e-01	AbsError: 4.17220e-02
    Region: "Si"	RelError: 2.90291e-01	AbsError: 4.17220e-02
      Equation: "PotentialEquation"	RelError: 2.90291e-01	AbsError: 4.17220e-02
Iteration: 6
  Device: "d"	RelError: 8.18607e-02	AbsError: 3.16681e-02
    Region: "Si"	RelError: 8.18607e-02	AbsError: 3.16681e-02
      Equation: "PotentialEquation"	RelError: 8.18607e-02	AbsError: 3.16681e-02
Iteration: 7
  Device: "d"	RelError: 5.20227e-02	AbsError: 2.17236e-02
    Region: "Si"	RelError: 5.20227e-02	AbsError: 2.17236e-02
      Equation: "PotentialEquation"	RelError: 5.20227e-02	AbsError: 2.17236e-02
Iteration: 8
  Device: "d"	RelError: 2.46584e-02	AbsError: 1.02888e-02
    Region: "Si"	RelError: 2.46584e-02	AbsError: 1.02888e-02
      Equation: "PotentialEquation"	RelError: 2.46584e-02	AbsError: 1.02888e-02
Iteration: 9
  Device: "d"	RelError: 1.64718e-06	AbsError: 6.87291e-07
    Region: "Si"	RelError: 1.64718e-06	AbsError: 6.87291e-07
      Equation: "PotentialEquation"	RelError: 1.64718e-06	AbsError: 6.87291e-07
Iteration: 10
  Device: "d"	RelError: 8.50630e-12	AbsError: 3.54927e-12
    Region: "Si"	RelError: 8.50630e-12	AbsError: 3.54927e-12
      Equation: "PotentialEquation"	RelError: 8.50630e-12	AbsError: 3.54927e-12
### SOLVE-END A
Warning: Replacing equation with equation of the same name.
Region: Si, Equation: PotentialEquation, Variable: Potential
### SOLVE-BEGIN B0
number of equations 606
Iteration: 0
  Device: "d"	RelError: 9.22666e-21	AbsError: 8.94904e-04
    Region: "Si"	RelError: 9.22666e-21	AbsError: 8.94904e-04
      Equation: "ElectronContinuityEquation"	RelError: 4.47453e-21	AbsError: 4.47452e-04
      Equation: "HoleContinuityEquation"	RelError: 4.47453e-21	AbsError: 4.47453e-04
      Equation: "PotentialEquation"	RelError: 2.77609e-22	AbsError: 1.15833e-22
### SOLVE-END B0
### SOLVE-BEGIN C+0.025
number of equations 606
Iteration: 0
  Device: "d"	RelError: 1.80201e+00	AbsError: 5.56112e+15
    Region: "Si"	RelError: 1.80201e+00	AbsError: 5.56112e+15
      Equation: "ElectronContinuityEquation"	RelError: 4.76807e-01	AbsError: 2.78056e+15
      Equation: "HoleContinuityEquation"	RelError: 4.76752e-01	AbsError: 2.78056e+15
      Equation: "PotentialEquation"	RelError: 8.48449e-01	AbsError: 2.50000e-02
Iteration: 1
  Device: "d"	RelError: 4.84109e-01	AbsError: 1.73903e+14
    Region: "Si"	RelError: 4.84109e-01	AbsError: 1.73903e+14
      Equation: "ElectronContinuityEquation"	RelError: 2.41956e-01	AbsError: 8.69517e+13
      Equation: "HoleContinuityEquation"	RelError: 2.41913e-01	AbsError: 8.69517e+13
      Equation: "PotentialEquation"	RelError: 2.40010e-04	AbsError: 6.01360e-05
Iteration: 2
  Device: "d"	RelError: 8.20464e-04	AbsError: 3.07201e+10
    Region: "Si"	RelError: 8.20464e-04	AbsError: 3.07201e+10
      Equation: "ElectronContinuityEquation"	RelError: 4.10222e-04	AbsError: 1.53601e+10
      Equation: "HoleContinuityEquation"	RelError: 4.10229e-04	AbsError: 1.53601e+10
      Equation: "PotentialEquation"	RelError: 1.34982e-08	AbsError: 4.77298e-09
Iteration: 3
  Device: "d"	RelError: 1.02660e-10	AbsError: 4.09121e+02
    Region: "Si"	RelError: 1.02660e-10	AbsError: 4.09121e+02
      Equation: "ElectronContinuityEquation"	RelError: 5.13280e-11	AbsError: 2.04552e+02
      Equation: "HoleContinuityEquation"	RelError: 5.13315e-11	AbsError: 2.04569e+02
      Equation: "PotentialEquation"	RelError: 1.01889e-16	AbsError: 3.95965e-17
Iteration: 4
  Device: "d"	RelError: 3.13124e-24	AbsError: 3.91160e-09
    Region: "Si"	RelError: 3.13124e-24	AbsError: 3.91160e-09
      Equation: "ElectronContinuityEquation"	RelError: 1.03601e-24	AbsError: 1.71405e-09
      Equation: "HoleContinuityEquation"	RelError: 2.02530e-24	AbsError: 2.19755e-09
      Equation: "PotentialEquation"	RelError: 6.99252e-26	AbsError: 1.61513e-27
### SOLVE-END C+0.025
### SOLVE-BEGIN C+0.050
number of equations 606
Iteration: 0
  Device: "d"	RelError: 6.59415e+00	AbsError: 5.67720e+15
    Region: "Si"	RelError: 6.59415e+00	AbsError: 5.67720e+15
      Equation: "ElectronContinuityEquation"	RelError: 4.82843e-01	AbsError: 2.83860e+15
      Equation: "HoleContinuityEquation"	RelError: 4.82807e-01	AbsError: 2.83860e+15
      Equation: "PotentialEquation"	RelError: 5.62849e+00	AbsError: 2.50000e-02
Iteration: 1
  Device: "d"	RelError: 4.94072e-01	AbsError: 1.79786e+14
    Region: "Si"	RelError: 4.94072e-01	AbsError: 1.79786e+14
      Equation: "ElectronContinuityEquation"	RelError: 2.46212e-01	AbsError: 8.98932e+13
      Equation: "HoleContinuityEquation"	RelError: 2.46186e-01	AbsError: 8.98932e+13
      Equation: "PotentialEquation"	RelError: 1.67405e-03	AbsError: 6.16526e-05
Iteration: 2
  Device: "d"	RelError: 8.41114e-04	AbsError: 3.26085e+10
    Region: "Si"	RelError: 8.41114e-04	AbsError: 3.26085e+10
      Equation: "ElectronContinuityEquation"	RelError: 4.20504e-04	AbsError: 1.63043e+10
      Equation: "HoleContinuityEquation"	RelError: 4.20509e-04	AbsError: 1.63043e+10
      Equation: "PotentialEquation"	RelError: 1.01023e-07	AbsError: 5.05737e-09
Iteration: 3
  Device: "d"	RelError: 1.13401e-10	AbsError: 5.08264e+02
    Region: "Si"	RelError: 1.13401e-10	AbsError: 5.08264e+02
      Equation: "ElectronContinuityEquation"	RelError: 5.67124e-11	AbsError: 2.54143e+02
      Equation: "HoleContinuityEquation"	RelError: 5.66889e-11	AbsError: 2.54121e+02
      Equation: "PotentialEquation"	RelError: 1.20885e-16	AbsError: 4.38040e-17
Iteration: 4
  Device: "d"	RelError: 1.96470e-24	AbsError: 4.78022e-09
    Region: "Si"	RelError: 1.96470e-24	AbsError: 4.78022e-09
      Equation: "ElectronContinuityEquation"	RelError: 1.42023e-24	AbsError: 2.04074e-09
      Equation: "HoleContinuityEquation"	RelError: 4.21288e-25	AbsError: 2.73948e-09
      Equation: "PotentialEquation"	RelError: 1.23183e-25	AbsError: 8.16907e-28
### SOLVE-END C+0.050
Replacing Edge Model x@n0 in region Si of material Si
Replacing Edge Model x@n1 in region Si of material Si
Replacing Edge Model node_index@n0 in region Si of material Si
Replacing Edge Model node_index@n1 in region Si of material Si
### SOLVE-BEGIN C+0.075
number of equations 606
Iteration: 0
  Device: "d"	RelError: 2.18851e+00	AbsError: 5.76417e+15
    Region: "Si"	RelError: 2.18851e+00	AbsError: 5.76417e+15
      Equation: "ElectronContinuityEquation"	RelError: 4.86536e-01	AbsError: 2.88209e+15
      Equation: "HoleContinuityEquation"	RelError: 4.86514e-01	AbsError: 2.88209e+15
      Equation: "PotentialEquation"	RelError: 1.21546e+00	AbsError: 2.50000e-02
Iteration: 1
  Device: "d"	RelError: 4.97407e-01	AbsError: 1.89914e+14
    Region: "Si"	RelError: 4.97407e-01	AbsError: 1.89914e+14
      Equation: "ElectronContinuityEquation"	RelError: 2.48522e-01	AbsError: 9.49570e+13
      Equation: "HoleContinuityEquation"	RelError: 2.48506e-01	AbsError: 9.49570e+13
      Equation: "PotentialEquation"	RelError: 3.79390e-04	AbsError: 6.31014e-05
Iteration: 2
  Device: "d"	RelError: 8.60336e-04	AbsError: 3.37519e+10
    Region: "Si"	RelError: 8.60336e-04	AbsError: 3.37519e+10
      Equation: "ElectronContinuityEquation"	RelError: 4.30153e-04	AbsError: 1.68759e+10
      Equation: "HoleContinuityEquation"	RelError: 4.30159e-04	AbsError: 1.68759e+10
      Equation: "PotentialEquation"	RelError: 2.46214e-08	AbsError: 5.38895e-09
Iteration: 3
  Device: "d"	RelError: 1.24348e-10	AbsError: 6.13353e+02
    Region: "Si"	RelError: 1.24348e-10	AbsError: 6.13353e+02
      Equation: "ElectronContinuityEquation"	RelError: 6.21847e-11	AbsError: 3.06688e+02
      Equation: "HoleContinuityEquation"	RelError: 6.21627e-11	AbsError: 3.06665e+02
      Equation: "PotentialEquation"	RelError: 1.46129e-16	AbsError: 4.93610e-17
Iteration: 4
  Device: "d"	RelError: 4.68670e-24	AbsError: 6.08977e-09
    Region: "Si"	RelError: 4.68670e-24	AbsError: 6.08977e-09
      Equation: "ElectronContinuityEquation"	RelError: 3.51735e-24	AbsError: 2.55185e-09
      Equation: "HoleContinuityEquation"	RelError: 1.09313e-24	AbsError: 3.53791e-09
      Equation: "PotentialEquation"	RelError: 7.62200e-26	AbsError: 1.05088e-27
### SOLVE-END C+0.075
### SOLVE-BEGIN C+0.100
number of equations 606
Iteration: 0
  Device: "d"	RelError: 1.53428e+00	AbsError: 5.82076e+15
    Region: "Si"	RelError: 1.53428e+00	AbsError: 5.82076e+15
      Equation: "ElectronContinuityEquation"	RelError: 4.88575e-01	AbsError: 2.91038e+15
      Equation: "HoleContinuityEquation"	RelError: 4.88562e-01	AbsError: 2.91038e+15
      Equation: "PotentialEquation"	RelError: 5.57138e-01	AbsError: 2.50000e-02
Iteration: 1
  Device: "d"	RelError: 4.99867e-01	AbsError: 1.98115e+14
    Region: "Si"	RelError: 4.99867e-01	AbsError: 1.98115e+14
      Equation: "ElectronContinuityEquation"	RelError: 2.49682e-01	AbsError: 9.90573e+13
      Equation: "HoleContinuityEquation"	RelError: 2.49672e-01	AbsError: 9.90573e+13
      Equation: "PotentialEquation"	RelError: 5.12602e-04	AbsError: 6.44620e-05
Iteration: 2
  Device: "d"	RelError: 8.78089e-04	AbsError: 3.41868e+10
    Region: "Si"	RelError: 8.78089e-04	AbsError: 3.41868e+10
      Equation: "ElectronContinuityEquation"	RelError: 4.39023e-04	AbsError: 1.70934e+10
      Equation: "HoleContinuityEquation"	RelError: 4.39030e-04	AbsError: 1.70934e+10
      Equation: "PotentialEquation"	RelError: 3.58350e-08	AbsError: 5.71263e-09
Iteration: 3
  Device: "d"	RelError: 1.35286e-10	AbsError: 6.65519e+02
    Region: "Si"	RelError: 1.35286e-10	AbsError: 6.65519e+02
      Equation: "ElectronContinuityEquation"	RelError: 6.76539e-11	AbsError: 3.32765e+02
      Equation: "HoleContinuityEquation"	RelError: 6.76318e-11	AbsError: 3.32754e+02
      Equation: "PotentialEquation"	RelError: 1.77003e-16	AbsError: 5.54320e-17
Iteration: 4
  Device: "d"	RelError: 6.01470e-24	AbsError: 8.08954e-09
    Region: "Si"	RelError: 6.01470e-24	AbsError: 8.08954e-09
      Equation: "ElectronContinuityEquation"	RelError: 3.38115e-24	AbsError: 3.21214e-09
      Equation: "HoleContinuityEquation"	RelError: 2.55748e-24	AbsError: 4.87739e-09
      Equation: "PotentialEquation"	RelError: 7.60680e-26	AbsError: 3.20618e-27
### SOLVE-END C+0.100
Replacing Edge Model x@n0 in region Si of material Si
Replacing Edge Model x@n1 in region Si of material Si
Replacing Edge Model node_index@n0 in region Si of material Si
Replacing Edge Model node_index@n1 in region Si of material Si
R
 (region: Si)
 (contact: left)
 (contact: right)
Creating Node Solution Potential
### SOLVE-BEGIN Arev
number of equations 202
Iteration: 0
  Device: "d"	RelError: 1.00000e+00	AbsError: 1.37947e-01
    Region: "Si"	RelError: 1.00000e+00	AbsError: 1.37947e-01
      Equation: "PotentialEquation"	RelError: 1.00000e+00	AbsError: 1.37947e-01
Iteration: 1
  Device: "d"	RelError: 4.98626e-01	AbsError: 1.37191e-01
    Region: "Si"	RelError: 4.98626e-01	AbsError: 1.37191e-01
      Equation: "PotentialEquation"	RelError: 4.98626e-01	AbsError: 1.37191e-01
Iteration: 2
  Device: "d"	RelError: 3.14427e-01	AbsError: 1.25169e-01
    Region: "Si"	RelError: 3.14427e-01	AbsError: 1.25169e-01
      Equation: "PotentialEquation"	RelError: 3.14427e-01	AbsError: 1.25169e-01
Iteration: 3
  Device: "d"	RelError: 5.26469e-01	AbsError: 6.12167e-02
    Region: "Si"	RelError: 5.26469e-01	AbsError: 6.12167e-02
      Equation: "PotentialEquation"	RelError: 5.26469e-01	AbsError: 6.12167e-02
Iteration: 4
  Device: "d"	RelError: 8.37229e-01	AbsError: 5.01960e-02
    Region: "Si"	RelError: 8.37229e-01	AbsError: 5.01960e-02
      Equation: "PotentialEquation"	RelError: 8.37229e-01	AbsError: 5.01960e-02
Iteration: 5
  Device: "d"	RelError: 2.90291e-01	AbsError: 4.17220e-02
    Region: "Si"	RelError: 2.90291e-01	AbsError: 4.17220e-02
      Equation: "PotentialEquation"	RelError: 2.90291e-01	AbsError: 4.17220e-02
Iteration: 6
  Device: "d"	RelError: 8.18607e-02	AbsError: 3.16681e-02
    Region: "Si"	RelError: 8.18607e-02	AbsError: 3.16681e-02
      Equation: "PotentialEquation"	RelError: 8.18607e-02	AbsError: 3.16681e-02
Iteration: 7
  Device: "d"	RelError: 5.20227e-02	AbsError: 2.17236e-02
    Region: "Si"	RelError: 5.20227e-02	AbsError: 2.17236e-02
      Equation: "PotentialEquation"	RelError: 5.20227e-02	AbsError: 2.17236e-02
Iteration: 8
  Device: "d"	RelError: 2.46584e-02	AbsError: 1.02888e-02
    Region: "Si"	RelError: 2.46584e-02	AbsError: 1.02888e-02
      Equation: "PotentialEquation"	RelError: 2.46584e-02	AbsError: 1.02888e-02
Iteration: 9
  Device: "d"	RelError: 1.64718e-06	AbsError: 6.87291e-07
    Region: "Si"	RelError: 1.64718e-06	AbsError: 6.87291e-07
      Equation: "PotentialEquation"	RelError: 1.64718e-06	AbsError: 6.87291e-07
Iteration: 10
  Device: "d"	RelError: 8.50630e-12	AbsError: 3.54927e-12
    Region: "Si"	RelError: 8.50630e-12	AbsError: 3.54927e-12
      Equation: "PotentialEquation"	RelError: 8.50630e-12	AbsError: 3.54927e-12
### SOLVE-END Arev
Warning: Replacing equation with equation of the same name.
Region: Si, Equation: PotentialEquation, Variable: Potential
### SOLVE-BEGIN B0rev
number of equations 606
Iteration: 0
  Device: "d"	RelError: 9.22666e-21	AbsError: 8.94904e-04
    Region: "Si"	RelError: 9.22666e-21	AbsError: 8.94904e-04
      Equation: "ElectronContinuityEquation"	RelError: 4.47453e-21	AbsError: 4.47452e-04
      Equation: "HoleContinuityEquation"	RelError: 4.47453e-21	AbsError: 4.47453e-04
      Equation: "PotentialEquation"	RelError: 2.77609e-22	AbsError: 1.15833e-22
### SOLVE-END B0rev
### SOLVE-BEGIN C-0.025
number of equations 606
Iteration: 0
  Device: "d"	RelError: 2.12779e+01	AbsError: 5.56112e+15
    Region: "Si"	RelError: 2.12779e+01	AbsError: 5.56112e+15
      Equation: "ElectronContinuityEquation"	RelError: 1.02789e+01	AbsError: 2.78056e+15
      Equation: "HoleContinuityEquation"	RelError: 1.02537e+01	AbsError: 2.78056e+15
      Equation: "PotentialEquation"	RelError: 7.45318e-01	AbsError: 2.50000e-02
Iteration: 1
  Device: "d"	RelError: 1.56622e+00	AbsError: 1.72123e+14
    Region: "Si"	RelError: 1.56622e+00	AbsError: 1.72123e+14
      Equation: "ElectronContinuityEquation"	RelError: 7.83261e-01	AbsError: 8.60615e+13
      Equation: "HoleContinuityEquation"	RelError: 7.82743e-01	AbsError: 8.60615e+13
      Equation: "PotentialEquation"	RelError: 2.19485e-04	AbsError: 5.90969e-05
Iteration: 2
  Device: "d"	RelError: 1.76882e-03	AbsError: 2.87833e+10
    Region: "Si"	RelError: 1.76882e-03	AbsError: 2.87833e+10
      Equation: "ElectronContinuityEquation"	RelError: 8.84351e-04	AbsError: 1.43916e+10
      Equation: "HoleContinuityEquation"	RelError: 8.84455e-04	AbsError: 1.43916e+10
      Equation: "PotentialEquation"	RelError: 1.13993e-08	AbsError: 4.59635e-09
Iteration: 3
  Device: "d"	RelError: 2.54870e-10	AbsError: 4.55453e+02
    Region: "Si"	RelError: 2.54870e-10	AbsError: 4.55453e+02
      Equation: "ElectronContinuityEquation"	RelError: 1.27530e-10	AbsError: 2.27726e+02
      Equation: "HoleContinuityEquation"	RelError: 1.27340e-10	AbsError: 2.27726e+02
      Equation: "PotentialEquation"	RelError: 8.79470e-17	AbsError: 3.63184e-17
Iteration: 4
  Device: "d"	RelError: 6.60420e-24	AbsError: 2.08315e-13
    Region: "Si"	RelError: 6.60420e-24	AbsError: 2.08315e-13
      Equation: "ElectronContinuityEquation"	RelError: 2.50027e-24	AbsError: 1.18091e-13
      Equation: "HoleContinuityEquation"	RelError: 4.10389e-24	AbsError: 9.02242e-14
      Equation: "PotentialEquation"	RelError: 3.07165e-29	AbsError: 6.83910e-31
### SOLVE-END C-0.025
### SOLVE-BEGIN C-0.050
number of equations 606
Iteration: 0
  Device: "d"	RelError: 1.76945e+01	AbsError: 5.42086e+15
    Region: "Si"	RelError: 1.76945e+01	AbsError: 5.42086e+15
      Equation: "ElectronContinuityEquation"	RelError: 7.39146e+00	AbsError: 2.71043e+15
      Equation: "HoleContinuityEquation"	RelError: 7.36734e+00	AbsError: 2.71043e+15
      Equation: "PotentialEquation"	RelError: 2.93573e+00	AbsError: 2.50000e-02
Iteration: 1
  Device: "d"	RelError: 1.43906e+00	AbsError: 1.67685e+14
    Region: "Si"	RelError: 1.43906e+00	AbsError: 1.67685e+14
      Equation: "ElectronContinuityEquation"	RelError: 7.19452e-01	AbsError: 8.38424e+13
      Equation: "HoleContinuityEquation"	RelError: 7.18788e-01	AbsError: 8.38424e+13
      Equation: "PotentialEquation"	RelError: 8.25090e-04	AbsError: 5.75089e-05
Iteration: 2
  Device: "d"	RelError: 1.71726e-03	AbsError: 2.71435e+10
    Region: "Si"	RelError: 1.71726e-03	AbsError: 2.71435e+10
      Equation: "ElectronContinuityEquation"	RelError: 8.58484e-04	AbsError: 1.35718e+10
      Equation: "HoleContinuityEquation"	RelError: 8.58735e-04	AbsError: 1.35718e+10
      Equation: "PotentialEquation"	RelError: 4.00905e-08	AbsError: 4.37865e-09
Iteration: 3
  Device: "d"	RelError: 1.76427e-10	AbsError: 4.54616e+02
    Region: "Si"	RelError: 1.76427e-10	AbsError: 4.54616e+02
      Equation: "ElectronContinuityEquation"	RelError: 8.82891e-11	AbsError: 2.27308e+02
      Equation: "HoleContinuityEquation"	RelError: 8.81375e-11	AbsError: 2.27308e+02
      Equation: "PotentialEquation"	RelError: 7.97048e-17	AbsError: 3.28856e-17
Iteration: 4
  Device: "d"	RelError: 3.03985e-24	AbsError: 3.33754e-13
    Region: "Si"	RelError: 3.03985e-24	AbsError: 3.33754e-13
      Equation: "ElectronContinuityEquation"	RelError: 2.29531e-24	AbsError: 1.88586e-13
      Equation: "HoleContinuityEquation"	RelError: 7.44434e-25	AbsError: 1.45168e-13
      Equation: "PotentialEquation"	RelError: 1.05249e-28	AbsError: 6.36535e-31
### SOLVE-END C-0.050
### SOLVE-BEGIN C-0.075
number of equations 606
Iteration: 0
  Device: "d"	RelError: 1.24788e+01	AbsError: 5.39050e+15
    Region: "Si"	RelError: 1.24788e+01	AbsError: 5.39050e+15
      Equation: "ElectronContinuityEquation"	RelError: 5.49037e+00	AbsError: 2.69525e+15
      Equation: "HoleContinuityEquation"	RelError: 5.47290e+00	AbsError: 2.69525e+15
      Equation: "PotentialEquation"	RelError: 1.51552e+00	AbsError: 2.50000e-02
Iteration: 1
  Device: "d"	RelError: 1.29699e+00	AbsError: 1.61425e+14
    Region: "Si"	RelError: 1.29699e+00	AbsError: 1.61425e+14
      Equation: "ElectronContinuityEquation"	RelError: 6.48656e-01	AbsError: 8.07126e+13
      Equation: "HoleContinuityEquation"	RelError: 6.47928e-01	AbsError: 8.07126e+13
      Equation: "PotentialEquation"	RelError: 4.06347e-04	AbsError: 5.63800e-05
Iteration: 2
  Device: "d"	RelError: 1.65936e-03	AbsError: 2.68457e+10
    Region: "Si"	RelError: 1.65936e-03	AbsError: 2.68457e+10
      Equation: "ElectronContinuityEquation"	RelError: 8.29361e-04	AbsError: 1.34228e+10
      Equation: "HoleContinuityEquation"	RelError: 8.29981e-04	AbsError: 1.34228e+10
      Equation: "PotentialEquation"	RelError: 1.85057e-08	AbsError: 4.15201e-09
Iteration: 3
  Device: "d"	RelError: 1.27868e-10	AbsError: 4.14849e+02
    Region: "Si"	RelError: 1.27868e-10	AbsError: 4.14849e+02
      Equation: "ElectronContinuityEquation"	RelError: 6.37849e-11	AbsError: 2.07424e+02
      Equation: "HoleContinuityEquation"	RelError: 6.40831e-11	AbsError: 2.07424e+02
      Equation: "PotentialEquation"	RelError: 7.20082e-17	AbsError: 2.96807e-17
Iteration: 4
  Device: "d"	RelError: 1.04459e-24	AbsError: 1.70953e-13
    Region: "Si"	RelError: 1.04459e-24	AbsError: 1.70953e-13
      Equation: "ElectronContinuityEquation"	RelError: 1.52512e-25	AbsError: 8.45730e-14
      Equation: "HoleContinuityEquation"	RelError: 8.92033e-25	AbsError: 8.63804e-14
      Equation: "PotentialEquation"	RelError: 4.43711e-29	AbsError: 4.66760e-31
### SOLVE-END C-0.075
### SOLVE-BEGIN C-0.100
number of equations 606
Iteration: 0
  Device: "d"	RelError: 9.10644e+00	AbsError: 5.33490e+15
    Region: "Si"	RelError: 9.10644e+00	AbsError: 5.33490e+15
      Equation: "ElectronContinuityEquation"	RelError: 4.26109e+00	AbsError: 2.66745e+15
      Equation: "HoleContinuityEquation"	RelError: 4.24285e+00	AbsError: 2.66745e+15
      Equation: "PotentialEquation"	RelError: 6.02498e-01	AbsError: 2.50000e-02
Iteration: 1
  Device: "d"	RelError: 1.16520e+00	AbsError: 1.53691e+14
    Region: "Si"	RelError: 1.16520e+00	AbsError: 1.53691e+14
      Equation: "ElectronContinuityEquation"	RelError: 5.82987e-01	AbsError: 7.68454e+13
      Equation: "HoleContinuityEquation"	RelError: 5.81950e-01	AbsError: 7.68454e+13
      Equation: "PotentialEquation"	RelError: 2.59310e-04	AbsError: 5.52951e-05
Iteration: 2
  Device: "d"	RelError: 1.59166e-03	AbsError: 2.60028e+10
    Region: "Si"	RelError: 1.59166e-03	AbsError: 2.60028e+10
      Equation: "ElectronContinuityEquation"	RelError: 7.95063e-04	AbsError: 1.30014e+10
      Equation: "HoleContinuityEquation"	RelError: 7.96584e-04	AbsError: 1.30014e+10
      Equation: "PotentialEquation"	RelError: 1.10874e-08	AbsError: 3.91837e-09
Iteration: 3
  Device: "d"	RelError: 9.65469e-11	AbsError: 3.46855e+02
    Region: "Si"	RelError: 9.65469e-11	AbsError: 3.46855e+02
      Equation: "ElectronContinuityEquation"	RelError: 4.79821e-11	AbsError: 1.73428e+02
      Equation: "HoleContinuityEquation"	RelError: 4.85647e-11	AbsError: 1.73428e+02
      Equation: "PotentialEquation"	RelError: 6.48431e-17	AbsError: 2.67002e-17
### SOLVE-END C-0.100
Replacing Edge Model x@n0 in region Si of material Si
Replacing Edge Model x@n1 in region Si of material Si
Replacing Edge Model node_index@n0 in region Si of material Si
Replacing Edge Model node_index@n1 in region Si of material Si

[worker_d3] wrote E2_1D_h0.005_P4_orig.json error=False

[d3] E2_1D_h0.005_P4_orig completed=True in 1.1 s

[d3] ===== E2_M1_h0.005_P4_orig =====
Searching DEVSIM_MATH_LIBS="mkl_rt.3.dll"
Loading "mkl_rt.3.dll": Intel MKL with PARDISO LOADED
Physical group name Si has 0 Tetrahedra.
Physical group name Si has 8040 Triangles.
Physical group name Si has 12281 Lines.
Physical group name Si has 4242 Points.
Physical group name left has 0 Tetrahedra.
Physical group name left has 0 Triangles.
Physical group name left has 20 Lines.
Physical group name left has 21 Points.
Physical group name right has 0 Tetrahedra.
Physical group name right has 0 Triangles.
Physical group name right has 20 Lines.
Physical group name right has 21 Points.
Device d has 4242 coordinates with max index 4241
Region Si has 4242 nodes.
Contact left in region Si with 21 nodes
Contact right in region Si with 21 nodes
Creating Node Solution Potential
### SOLVE-BEGIN A
number of equations 4242
Iteration: 0
  Device: "d"	RelError: 1.00000e+00	AbsError: 1.37949e-01
    Region: "Si"	RelError: 1.00000e+00	AbsError: 1.37949e-01
      Equation: "PotentialEquation"	RelError: 1.00000e+00	AbsError: 1.37949e-01
Iteration: 1
  Device: "d"	RelError: 4.98626e-01	AbsError: 1.37193e-01
    Region: "Si"	RelError: 4.98626e-01	AbsError: 1.37193e-01
      Equation: "PotentialEquation"	RelError: 4.98626e-01	AbsError: 1.37193e-01
Iteration: 2
  Device: "d"	RelError: 3.14428e-01	AbsError: 1.25170e-01
    Region: "Si"	RelError: 3.14428e-01	AbsError: 1.25170e-01
      Equation: "PotentialEquation"	RelError: 3.14428e-01	AbsError: 1.25170e-01
Iteration: 3
  Device: "d"	RelError: 5.26493e-01	AbsError: 6.12227e-02
    Region: "Si"	RelError: 5.26493e-01	AbsError: 6.12227e-02
      Equation: "PotentialEquation"	RelError: 5.26493e-01	AbsError: 6.12227e-02
Iteration: 4
  Device: "d"	RelError: 8.37069e-01	AbsError: 5.01960e-02
    Region: "Si"	RelError: 8.37069e-01	AbsError: 5.01960e-02
      Equation: "PotentialEquation"	RelError: 8.37069e-01	AbsError: 5.01960e-02
Iteration: 5
  Device: "d"	RelError: 2.90437e-01	AbsError: 4.17220e-02
    Region: "Si"	RelError: 2.90437e-01	AbsError: 4.17220e-02
      Equation: "PotentialEquation"	RelError: 2.90437e-01	AbsError: 4.17220e-02
Iteration: 6
  Device: "d"	RelError: 8.18607e-02	AbsError: 3.16681e-02
    Region: "Si"	RelError: 8.18607e-02	AbsError: 3.16681e-02
      Equation: "PotentialEquation"	RelError: 8.18607e-02	AbsError: 3.16681e-02
Iteration: 7
  Device: "d"	RelError: 5.20424e-02	AbsError: 2.17306e-02
    Region: "Si"	RelError: 5.20424e-02	AbsError: 2.17306e-02
      Equation: "PotentialEquation"	RelError: 5.20424e-02	AbsError: 2.17306e-02
Iteration: 8
  Device: "d"	RelError: 2.46584e-02	AbsError: 1.02888e-02
    Region: "Si"	RelError: 2.46584e-02	AbsError: 1.02888e-02
      Equation: "PotentialEquation"	RelError: 2.46584e-02	AbsError: 1.02888e-02
Iteration: 9
  Device: "d"	RelError: 1.63403e-06	AbsError: 6.81804e-07
    Region: "Si"	RelError: 1.63403e-06	AbsError: 6.81804e-07
      Equation: "PotentialEquation"	RelError: 1.63403e-06	AbsError: 6.81804e-07
Iteration: 10
  Device: "d"	RelError: 8.20808e-12	AbsError: 3.42484e-12
    Region: "Si"	RelError: 8.20808e-12	AbsError: 3.42484e-12
      Equation: "PotentialEquation"	RelError: 8.20808e-12	AbsError: 3.42484e-12
### SOLVE-END A
Warning: Replacing equation with equation of the same name.
Region: Si, Equation: PotentialEquation, Variable: Potential
### SOLVE-BEGIN B0
number of equations 12726
Iteration: 0
  Device: "d"	RelError: 8.26601e-21	AbsError: 8.01727e-04
    Region: "Si"	RelError: 8.26601e-21	AbsError: 8.01727e-04
      Equation: "ElectronContinuityEquation"	RelError: 4.00865e-21	AbsError: 4.00865e-04
      Equation: "HoleContinuityEquation"	RelError: 4.00865e-21	AbsError: 4.00861e-04
      Equation: "PotentialEquation"	RelError: 2.48705e-22	AbsError: 1.03773e-22
### SOLVE-END B0
### SOLVE-BEGIN C+0.025
number of equations 12726
Iteration: 0
  Device: "d"	RelError: 1.80227e+00	AbsError: 5.57271e+15
    Region: "Si"	RelError: 1.80227e+00	AbsError: 5.57271e+15
      Equation: "ElectronContinuityEquation"	RelError: 4.76875e-01	AbsError: 2.78636e+15
      Equation: "HoleContinuityEquation"	RelError: 4.76814e-01	AbsError: 2.78636e+15
      Equation: "PotentialEquation"	RelError: 8.48578e-01	AbsError: 2.50000e-02
Iteration: 1
  Device: "d"	RelError: 4.84100e-01	AbsError: 1.77067e+14
    Region: "Si"	RelError: 4.84100e-01	AbsError: 1.77067e+14
      Equation: "ElectronContinuityEquation"	RelError: 2.41952e-01	AbsError: 8.85335e+13
      Equation: "HoleContinuityEquation"	RelError: 2.41909e-01	AbsError: 8.85335e+13
      Equation: "PotentialEquation"	RelError: 2.40046e-04	AbsError: 6.00910e-05
Iteration: 2
  Device: "d"	RelError: 8.21512e-04	AbsError: 3.07195e+10
    Region: "Si"	RelError: 8.21512e-04	AbsError: 3.07195e+10
      Equation: "ElectronContinuityEquation"	RelError: 4.10745e-04	AbsError: 1.53598e+10
      Equation: "HoleContinuityEquation"	RelError: 4.10753e-04	AbsError: 1.53598e+10
      Equation: "PotentialEquation"	RelError: 1.39438e-08	AbsError: 4.88028e-09
Iteration: 3
  Device: "d"	RelError: 1.05116e-10	AbsError: 5.14852e+02
    Region: "Si"	RelError: 1.05116e-10	AbsError: 5.14852e+02
      Equation: "ElectronContinuityEquation"	RelError: 5.25558e-11	AbsError: 2.57433e+02
      Equation: "HoleContinuityEquation"	RelError: 5.25598e-11	AbsError: 2.57420e+02
      Equation: "PotentialEquation"	RelError: 1.07351e-16	AbsError: 4.17266e-17
Iteration: 4
  Device: "d"	RelError: 7.43319e-24	AbsError: 2.70822e-08
    Region: "Si"	RelError: 7.43319e-24	AbsError: 2.70822e-08
      Equation: "ElectronContinuityEquation"	RelError: 3.30429e-24	AbsError: 1.21086e-08
      Equation: "HoleContinuityEquation"	RelError: 2.94763e-24	AbsError: 1.49736e-08
      Equation: "PotentialEquation"	RelError: 1.18127e-24	AbsError: 5.60061e-26
### SOLVE-END C+0.025
### SOLVE-BEGIN C+0.050
number of equations 12726
Iteration: 0
  Device: "d"	RelError: 6.59988e+00	AbsError: 5.67889e+15
    Region: "Si"	RelError: 6.59988e+00	AbsError: 5.67889e+15
      Equation: "ElectronContinuityEquation"	RelError: 4.82855e-01	AbsError: 2.83945e+15
      Equation: "HoleContinuityEquation"	RelError: 4.82817e-01	AbsError: 2.83945e+15
      Equation: "PotentialEquation"	RelError: 5.63421e+00	AbsError: 2.50000e-02
Iteration: 1
  Device: "d"	RelError: 4.94072e-01	AbsError: 1.83669e+14
    Region: "Si"	RelError: 4.94072e-01	AbsError: 1.83669e+14
      Equation: "ElectronContinuityEquation"	RelError: 2.46211e-01	AbsError: 9.18347e+13
      Equation: "HoleContinuityEquation"	RelError: 2.46185e-01	AbsError: 9.18347e+13
      Equation: "PotentialEquation"	RelError: 1.67574e-03	AbsError: 6.16055e-05
Iteration: 2
  Device: "d"	RelError: 8.42167e-04	AbsError: 3.25998e+10
    Region: "Si"	RelError: 8.42167e-04	AbsError: 3.25998e+10
      Equation: "ElectronContinuityEquation"	RelError: 4.21029e-04	AbsError: 1.62999e+10
      Equation: "HoleContinuityEquation"	RelError: 4.21034e-04	AbsError: 1.62999e+10
      Equation: "PotentialEquation"	RelError: 1.04346e-07	AbsError: 5.14675e-09
Iteration: 3
  Device: "d"	RelError: 1.14701e-10	AbsError: 5.36551e+02
    Region: "Si"	RelError: 1.14701e-10	AbsError: 5.36551e+02
      Equation: "ElectronContinuityEquation"	RelError: 5.73622e-11	AbsError: 2.68260e+02
      Equation: "HoleContinuityEquation"	RelError: 5.73388e-11	AbsError: 2.68291e+02
      Equation: "PotentialEquation"	RelError: 1.27591e-16	AbsError: 4.63569e-17
Iteration: 4
  Device: "d"	RelError: 3.21464e-23	AbsError: 2.37115e-08
    Region: "Si"	RelError: 3.21464e-23	AbsError: 2.37115e-08
      Equation: "ElectronContinuityEquation"	RelError: 2.24195e-24	AbsError: 1.10635e-08
      Equation: "HoleContinuityEquation"	RelError: 1.13860e-24	AbsError: 1.26480e-08
      Equation: "PotentialEquation"	RelError: 2.87658e-23	AbsError: 6.81377e-26
### SOLVE-END C+0.050
Replacing Edge Model x@n0 in region Si of material Si
Replacing Edge Model x@n1 in region Si of material Si
Replacing Edge Model node_index@n0 in region Si of material Si
Replacing Edge Model node_index@n1 in region Si of material Si
### SOLVE-BEGIN C+0.075
number of equations 12726
Iteration: 0
  Device: "d"	RelError: 2.18879e+00	AbsError: 5.76634e+15
    Region: "Si"	RelError: 2.18879e+00	AbsError: 5.76634e+15
      Equation: "ElectronContinuityEquation"	RelError: 4.86543e-01	AbsError: 2.88317e+15
      Equation: "HoleContinuityEquation"	RelError: 4.86520e-01	AbsError: 2.88317e+15
      Equation: "PotentialEquation"	RelError: 1.21572e+00	AbsError: 2.50000e-02
Iteration: 1
  Device: "d"	RelError: 4.97406e-01	AbsError: 1.89900e+14
    Region: "Si"	RelError: 4.97406e-01	AbsError: 1.89900e+14
      Equation: "ElectronContinuityEquation"	RelError: 2.48521e-01	AbsError: 9.49499e+13
      Equation: "HoleContinuityEquation"	RelError: 2.48505e-01	AbsError: 9.49499e+13
      Equation: "PotentialEquation"	RelError: 3.79470e-04	AbsError: 6.30528e-05
Iteration: 2
  Device: "d"	RelError: 8.61400e-04	AbsError: 3.37336e+10
    Region: "Si"	RelError: 8.61400e-04	AbsError: 3.37336e+10
      Equation: "ElectronContinuityEquation"	RelError: 4.30685e-04	AbsError: 1.68668e+10
      Equation: "HoleContinuityEquation"	RelError: 4.30690e-04	AbsError: 1.68668e+10
      Equation: "PotentialEquation"	RelError: 2.53859e-08	AbsError: 5.45130e-09
Iteration: 3
  Device: "d"	RelError: 1.25787e-10	AbsError: 6.01039e+02
    Region: "Si"	RelError: 1.25787e-10	AbsError: 6.01039e+02
      Equation: "ElectronContinuityEquation"	RelError: 6.29045e-11	AbsError: 3.00520e+02
      Equation: "HoleContinuityEquation"	RelError: 6.28823e-11	AbsError: 3.00519e+02
      Equation: "PotentialEquation"	RelError: 1.53432e-16	AbsError: 5.19231e-17
Iteration: 4
  Device: "d"	RelError: 4.50999e-24	AbsError: 2.28475e-08
    Region: "Si"	RelError: 4.50999e-24	AbsError: 2.28475e-08
      Equation: "ElectronContinuityEquation"	RelError: 2.05019e-24	AbsError: 1.18824e-08
      Equation: "HoleContinuityEquation"	RelError: 1.19630e-24	AbsError: 1.09650e-08
      Equation: "PotentialEquation"	RelError: 1.26350e-24	AbsError: 2.73276e-26
### SOLVE-END C+0.075
### SOLVE-BEGIN C+0.100
number of equations 12726
Iteration: 0
  Device: "d"	RelError: 1.53465e+00	AbsError: 5.87400e+15
    Region: "Si"	RelError: 1.53465e+00	AbsError: 5.87400e+15
      Equation: "ElectronContinuityEquation"	RelError: 4.88581e-01	AbsError: 2.93700e+15
      Equation: "HoleContinuityEquation"	RelError: 4.88568e-01	AbsError: 2.93700e+15
      Equation: "PotentialEquation"	RelError: 5.57503e-01	AbsError: 2.50000e-02
Iteration: 1
  Device: "d"	RelError: 4.99869e-01	AbsError: 1.98136e+14
    Region: "Si"	RelError: 4.99869e-01	AbsError: 1.98136e+14
      Equation: "ElectronContinuityEquation"	RelError: 2.49684e-01	AbsError: 9.90680e+13
      Equation: "HoleContinuityEquation"	RelError: 2.49672e-01	AbsError: 9.90680e+13
      Equation: "PotentialEquation"	RelError: 5.12932e-04	AbsError: 6.47944e-05
Iteration: 2
  Device: "d"	RelError: 8.84093e-04	AbsError: 3.61805e+10
    Region: "Si"	RelError: 8.84093e-04	AbsError: 3.61805e+10
      Equation: "ElectronContinuityEquation"	RelError: 4.42026e-04	AbsError: 1.80902e+10
      Equation: "HoleContinuityEquation"	RelError: 4.42030e-04	AbsError: 1.80902e+10
      Equation: "PotentialEquation"	RelError: 3.69293e-08	AbsError: 5.77603e-09
Iteration: 3
  Device: "d"	RelError: 1.36877e-10	AbsError: 6.48032e+02
    Region: "Si"	RelError: 1.36877e-10	AbsError: 6.48032e+02
      Equation: "ElectronContinuityEquation"	RelError: 6.84494e-11	AbsError: 3.24018e+02
      Equation: "HoleContinuityEquation"	RelError: 6.84271e-11	AbsError: 3.24014e+02
      Equation: "PotentialEquation"	RelError: 1.84782e-16	AbsError: 5.81083e-17
Iteration: 4
  Device: "d"	RelError: 5.44399e-24	AbsError: 3.22000e-08
    Region: "Si"	RelError: 5.44399e-24	AbsError: 3.22000e-08
      Equation: "ElectronContinuityEquation"	RelError: 1.25021e-24	AbsError: 1.68418e-08
      Equation: "HoleContinuityEquation"	RelError: 2.47472e-24	AbsError: 1.53582e-08
      Equation: "PotentialEquation"	RelError: 1.71905e-24	AbsError: 5.65183e-26
### SOLVE-END C+0.100
Replacing Edge Model x@n0 in region Si of material Si
Replacing Edge Model x@n1 in region Si of material Si
Replacing Edge Model node_index@n0 in region Si of material Si
Replacing Edge Model node_index@n1 in region Si of material Si
Physical group name Si has 0 Tetrahedra.
Physical group name Si has 8040 Triangles.
Physical group name Si has 12281 Lines.
Physical group name Si has 4242 Points.
Physical group name left has 0 Tetrahedra.
Physical group name left has 0 Triangles.
Physical group name left has 20 Lines.
Physical group name left has 21 Points.
Physical group name right has 0 Tetrahedra.
Physical group name right has 0 Triangles.
Physical group name right has 20 Lines.
Physical group name right has 21 Points.
Device d has 4242 coordinates with max index 4241
Region Si has 4242 nodes.
Contact left in region Si with 21 nodes
Contact right in region Si with 21 nodes
Creating Node Solution Potential
### SOLVE-BEGIN Arev
number of equations 4242
Iteration: 0
  Device: "d"	RelError: 1.00000e+00	AbsError: 1.37949e-01
    Region: "Si"	RelError: 1.00000e+00	AbsError: 1.37949e-01
      Equation: "PotentialEquation"	RelError: 1.00000e+00	AbsError: 1.37949e-01
Iteration: 1
  Device: "d"	RelError: 4.98626e-01	AbsError: 1.37193e-01
    Region: "Si"	RelError: 4.98626e-01	AbsError: 1.37193e-01
      Equation: "PotentialEquation"	RelError: 4.98626e-01	AbsError: 1.37193e-01
Iteration: 2
  Device: "d"	RelError: 3.14428e-01	AbsError: 1.25170e-01
    Region: "Si"	RelError: 3.14428e-01	AbsError: 1.25170e-01
      Equation: "PotentialEquation"	RelError: 3.14428e-01	AbsError: 1.25170e-01
Iteration: 3
  Device: "d"	RelError: 5.26493e-01	AbsError: 6.12227e-02
    Region: "Si"	RelError: 5.26493e-01	AbsError: 6.12227e-02
      Equation: "PotentialEquation"	RelError: 5.26493e-01	AbsError: 6.12227e-02
Iteration: 4
  Device: "d"	RelError: 8.37069e-01	AbsError: 5.01960e-02
    Region: "Si"	RelError: 8.37069e-01	AbsError: 5.01960e-02
      Equation: "PotentialEquation"	RelError: 8.37069e-01	AbsError: 5.01960e-02
Iteration: 5
  Device: "d"	RelError: 2.90437e-01	AbsError: 4.17220e-02
    Region: "Si"	RelError: 2.90437e-01	AbsError: 4.17220e-02
      Equation: "PotentialEquation"	RelError: 2.90437e-01	AbsError: 4.17220e-02
Iteration: 6
  Device: "d"	RelError: 8.18607e-02	AbsError: 3.16681e-02
    Region: "Si"	RelError: 8.18607e-02	AbsError: 3.16681e-02
      Equation: "PotentialEquation"	RelError: 8.18607e-02	AbsError: 3.16681e-02
Iteration: 7
  Device: "d"	RelError: 5.20424e-02	AbsError: 2.17306e-02
    Region: "Si"	RelError: 5.20424e-02	AbsError: 2.17306e-02
      Equation: "PotentialEquation"	RelError: 5.20424e-02	AbsError: 2.17306e-02
Iteration: 8
  Device: "d"	RelError: 2.46584e-02	AbsError: 1.02888e-02
    Region: "Si"	RelError: 2.46584e-02	AbsError: 1.02888e-02
      Equation: "PotentialEquation"	RelError: 2.46584e-02	AbsError: 1.02888e-02
Iteration: 9
  Device: "d"	RelError: 1.63403e-06	AbsError: 6.81804e-07
    Region: "Si"	RelError: 1.63403e-06	AbsError: 6.81804e-07
      Equation: "PotentialEquation"	RelError: 1.63403e-06	AbsError: 6.81804e-07
Iteration: 10
  Device: "d"	RelError: 8.20808e-12	AbsError: 3.42484e-12
    Region: "Si"	RelError: 8.20808e-12	AbsError: 3.42484e-12
      Equation: "PotentialEquation"	RelError: 8.20808e-12	AbsError: 3.42484e-12
### SOLVE-END Arev
Warning: Replacing equation with equation of the same name.
Region: Si, Equation: PotentialEquation, Variable: Potential
### SOLVE-BEGIN B0rev
number of equations 12726
Iteration: 0
  Device: "d"	RelError: 8.26601e-21	AbsError: 8.01727e-04
    Region: "Si"	RelError: 8.26601e-21	AbsError: 8.01727e-04
      Equation: "ElectronContinuityEquation"	RelError: 4.00865e-21	AbsError: 4.00865e-04
      Equation: "HoleContinuityEquation"	RelError: 4.00865e-21	AbsError: 4.00861e-04
      Equation: "PotentialEquation"	RelError: 2.48705e-22	AbsError: 1.03773e-22
### SOLVE-END B0rev
### SOLVE-BEGIN C-0.025
number of equations 12726
Iteration: 0
  Device: "d"	RelError: 2.13388e+01	AbsError: 5.57271e+15
    Region: "Si"	RelError: 2.13388e+01	AbsError: 5.57271e+15
      Equation: "ElectronContinuityEquation"	RelError: 1.03108e+01	AbsError: 2.78636e+15
      Equation: "HoleContinuityEquation"	RelError: 1.02825e+01	AbsError: 2.78636e+15
      Equation: "PotentialEquation"	RelError: 7.45426e-01	AbsError: 2.50000e-02
Iteration: 1
  Device: "d"	RelError: 1.56774e+00	AbsError: 1.72168e+14
    Region: "Si"	RelError: 1.56774e+00	AbsError: 1.72168e+14
      Equation: "ElectronContinuityEquation"	RelError: 7.83992e-01	AbsError: 8.60841e+13
      Equation: "HoleContinuityEquation"	RelError: 7.83523e-01	AbsError: 8.60841e+13
      Equation: "PotentialEquation"	RelError: 2.19516e-04	AbsError: 5.91023e-05
Iteration: 2
  Device: "d"	RelError: 1.77377e-03	AbsError: 2.97571e+10
    Region: "Si"	RelError: 1.77377e-03	AbsError: 2.97571e+10
      Equation: "ElectronContinuityEquation"	RelError: 8.86828e-04	AbsError: 1.48786e+10
      Equation: "HoleContinuityEquation"	RelError: 8.86926e-04	AbsError: 1.48786e+10
      Equation: "PotentialEquation"	RelError: 1.18161e-08	AbsError: 4.64780e-09
Iteration: 3
  Device: "d"	RelError: 2.58265e-10	AbsError: 4.63158e+02
    Region: "Si"	RelError: 2.58265e-10	AbsError: 4.63158e+02
      Equation: "ElectronContinuityEquation"	RelError: 1.29224e-10	AbsError: 2.31579e+02
      Equation: "HoleContinuityEquation"	RelError: 1.29041e-10	AbsError: 2.31579e+02
      Equation: "PotentialEquation"	RelError: 9.19156e-17	AbsError: 3.79575e-17
Iteration: 4
  Device: "d"	RelError: 5.37626e-24	AbsError: 9.31466e-13
    Region: "Si"	RelError: 5.37626e-24	AbsError: 9.31466e-13
      Equation: "ElectronContinuityEquation"	RelError: 1.14161e-24	AbsError: 2.15015e-13
      Equation: "HoleContinuityEquation"	RelError: 4.23440e-24	AbsError: 7.16451e-13
      Equation: "PotentialEquation"	RelError: 2.37649e-28	AbsError: 4.12469e-30
### SOLVE-END C-0.025
### SOLVE-BEGIN C-0.050
number of equations 12726
Iteration: 0
  Device: "d"	RelError: 1.77443e+01	AbsError: 5.50119e+15
    Region: "Si"	RelError: 1.77443e+01	AbsError: 5.50119e+15
      Equation: "ElectronContinuityEquation"	RelError: 7.41404e+00	AbsError: 2.75060e+15
      Equation: "HoleContinuityEquation"	RelError: 7.39289e+00	AbsError: 2.75060e+15
      Equation: "PotentialEquation"	RelError: 2.93740e+00	AbsError: 2.50000e-02
Iteration: 1
  Device: "d"	RelError: 1.43876e+00	AbsError: 1.67697e+14
    Region: "Si"	RelError: 1.43876e+00	AbsError: 1.67697e+14
      Equation: "ElectronContinuityEquation"	RelError: 7.19300e-01	AbsError: 8.38487e+13
      Equation: "HoleContinuityEquation"	RelError: 7.18636e-01	AbsError: 8.38487e+13
      Equation: "PotentialEquation"	RelError: 8.25556e-04	AbsError: 5.78258e-05
Iteration: 2
  Device: "d"	RelError: 1.73273e-03	AbsError: 2.84904e+10
    Region: "Si"	RelError: 1.73273e-03	AbsError: 2.84904e+10
      Equation: "ElectronContinuityEquation"	RelError: 8.66232e-04	AbsError: 1.42452e+10
      Equation: "HoleContinuityEquation"	RelError: 8.66461e-04	AbsError: 1.42452e+10
      Equation: "PotentialEquation"	RelError: 4.16172e-08	AbsError: 4.42863e-09
Iteration: 3
  Device: "d"	RelError: 1.78650e-10	AbsError: 4.44853e+02
    Region: "Si"	RelError: 1.78650e-10	AbsError: 4.44853e+02
      Equation: "ElectronContinuityEquation"	RelError: 8.94017e-11	AbsError: 2.22426e+02
      Equation: "HoleContinuityEquation"	RelError: 8.92487e-11	AbsError: 2.22426e+02
      Equation: "PotentialEquation"	RelError: 8.34188e-17	AbsError: 3.44176e-17
Iteration: 4
  Device: "d"	RelError: 7.21577e-25	AbsError: 1.34063e-12
    Region: "Si"	RelError: 7.21577e-25	AbsError: 1.34063e-12
      Equation: "ElectronContinuityEquation"	RelError: 1.67945e-25	AbsError: 6.53577e-13
      Equation: "HoleContinuityEquation"	RelError: 5.53528e-25	AbsError: 6.87050e-13
      Equation: "PotentialEquation"	RelError: 1.03646e-28	AbsError: 1.55026e-30
### SOLVE-END C-0.050
### SOLVE-BEGIN C-0.075
number of equations 12726
Iteration: 0
  Device: "d"	RelError: 1.24715e+01	AbsError: 5.40290e+15
    Region: "Si"	RelError: 1.24715e+01	AbsError: 5.40290e+15
      Equation: "ElectronContinuityEquation"	RelError: 5.48652e+00	AbsError: 2.70145e+15
      Equation: "HoleContinuityEquation"	RelError: 5.46906e+00	AbsError: 2.70145e+15
      Equation: "PotentialEquation"	RelError: 1.51597e+00	AbsError: 2.50000e-02
Iteration: 1
  Device: "d"	RelError: 1.29670e+00	AbsError: 1.61410e+14
    Region: "Si"	RelError: 1.29670e+00	AbsError: 1.61410e+14
      Equation: "ElectronContinuityEquation"	RelError: 6.48535e-01	AbsError: 8.07050e+13
      Equation: "HoleContinuityEquation"	RelError: 6.47758e-01	AbsError: 8.07050e+13
      Equation: "PotentialEquation"	RelError: 4.06464e-04	AbsError: 5.64913e-05
Iteration: 2
  Device: "d"	RelError: 1.67998e-03	AbsError: 2.68311e+10
    Region: "Si"	RelError: 1.67998e-03	AbsError: 2.68311e+10
      Equation: "ElectronContinuityEquation"	RelError: 8.39698e-04	AbsError: 1.34155e+10
      Equation: "HoleContinuityEquation"	RelError: 8.40259e-04	AbsError: 1.34155e+10
      Equation: "PotentialEquation"	RelError: 1.92250e-08	AbsError: 4.20142e-09
Iteration: 3
  Device: "d"	RelError: 1.30327e-10	AbsError: 4.08005e+02
    Region: "Si"	RelError: 1.30327e-10	AbsError: 4.08005e+02
      Equation: "ElectronContinuityEquation"	RelError: 6.50213e-11	AbsError: 2.04002e+02
      Equation: "HoleContinuityEquation"	RelError: 6.53052e-11	AbsError: 2.04002e+02
      Equation: "PotentialEquation"	RelError: 7.54845e-17	AbsError: 3.11142e-17
Iteration: 4
  Device: "d"	RelError: 6.05411e-25	AbsError: 1.20746e-12
    Region: "Si"	RelError: 6.05411e-25	AbsError: 1.20746e-12
      Equation: "ElectronContinuityEquation"	RelError: 2.99802e-25	AbsError: 6.27186e-13
      Equation: "HoleContinuityEquation"	RelError: 3.05486e-25	AbsError: 5.80269e-13
      Equation: "PotentialEquation"	RelError: 1.23132e-28	AbsError: 2.48806e-30
### SOLVE-END C-0.075
### SOLVE-BEGIN C-0.100
number of equations 12726
Iteration: 0
  Device: "d"	RelError: 9.10599e+00	AbsError: 5.33673e+15
    Region: "Si"	RelError: 9.10599e+00	AbsError: 5.33673e+15
      Equation: "ElectronContinuityEquation"	RelError: 4.25948e+00	AbsError: 2.66836e+15
      Equation: "HoleContinuityEquation"	RelError: 4.24394e+00	AbsError: 2.66836e+15
      Equation: "PotentialEquation"	RelError: 6.02568e-01	AbsError: 2.50000e-02
Iteration: 1
  Device: "d"	RelError: 1.16488e+00	AbsError: 1.57098e+14
    Region: "Si"	RelError: 1.16488e+00	AbsError: 1.57098e+14
      Equation: "ElectronContinuityEquation"	RelError: 5.82830e-01	AbsError: 7.85491e+13
      Equation: "HoleContinuityEquation"	RelError: 5.81792e-01	AbsError: 7.85491e+13
      Equation: "PotentialEquation"	RelError: 2.59428e-04	AbsError: 5.52548e-05
Iteration: 2
  Device: "d"	RelError: 1.60867e-03	AbsError: 2.59952e+10
    Region: "Si"	RelError: 1.60867e-03	AbsError: 2.59952e+10
      Equation: "ElectronContinuityEquation"	RelError: 8.03641e-04	AbsError: 1.29976e+10
      Equation: "HoleContinuityEquation"	RelError: 8.05017e-04	AbsError: 1.29976e+10
      Equation: "PotentialEquation"	RelError: 1.15324e-08	AbsError: 4.00369e-09
Iteration: 3
  Device: "d"	RelError: 9.83490e-11	AbsError: 3.70319e+02
    Region: "Si"	RelError: 9.83490e-11	AbsError: 3.70319e+02
      Equation: "ElectronContinuityEquation"	RelError: 4.88764e-11	AbsError: 1.85159e+02
      Equation: "HoleContinuityEquation"	RelError: 4.94725e-11	AbsError: 1.85159e+02
      Equation: "PotentialEquation"	RelError: 6.86455e-17	AbsError: 2.83318e-17
### SOLVE-END C-0.100
Replacing Edge Model x@n0 in region Si of material Si
Replacing Edge Model x@n1 in region Si of material Si
Replacing Edge Model node_index@n0 in region Si of material Si
Replacing Edge Model node_index@n1 in region Si of material Si

[worker_d3] wrote E2_M1_h0.005_P4_orig.json error=False

[d3] E2_M1_h0.005_P4_orig completed=True in 24.5 s

[d3] ===== E2_1D_h0.005_P4_mirror =====
Searching DEVSIM_MATH_LIBS="mkl_rt.3.dll"
Loading "mkl_rt.3.dll": Intel MKL with PARDISO LOADED
R
 (region: Si)
 (contact: left)
 (contact: right)
Creating Node Solution Potential
### SOLVE-BEGIN A
number of equations 202
Iteration: 0
  Device: "d"	RelError: 1.00000e+00	AbsError: 1.37947e-01
    Region: "Si"	RelError: 1.00000e+00	AbsError: 1.37947e-01
      Equation: "PotentialEquation"	RelError: 1.00000e+00	AbsError: 1.37947e-01
Iteration: 1
  Device: "d"	RelError: 4.98626e-01	AbsError: 1.37191e-01
    Region: "Si"	RelError: 4.98626e-01	AbsError: 1.37191e-01
      Equation: "PotentialEquation"	RelError: 4.98626e-01	AbsError: 1.37191e-01
Iteration: 2
  Device: "d"	RelError: 3.14427e-01	AbsError: 1.25169e-01
    Region: "Si"	RelError: 3.14427e-01	AbsError: 1.25169e-01
      Equation: "PotentialEquation"	RelError: 3.14427e-01	AbsError: 1.25169e-01
Iteration: 3
  Device: "d"	RelError: 5.26469e-01	AbsError: 6.12167e-02
    Region: "Si"	RelError: 5.26469e-01	AbsError: 6.12167e-02
      Equation: "PotentialEquation"	RelError: 5.26469e-01	AbsError: 6.12167e-02
Iteration: 4
  Device: "d"	RelError: 8.37229e-01	AbsError: 5.01960e-02
    Region: "Si"	RelError: 8.37229e-01	AbsError: 5.01960e-02
      Equation: "PotentialEquation"	RelError: 8.37229e-01	AbsError: 5.01960e-02
Iteration: 5
  Device: "d"	RelError: 2.90291e-01	AbsError: 4.17220e-02
    Region: "Si"	RelError: 2.90291e-01	AbsError: 4.17220e-02
      Equation: "PotentialEquation"	RelError: 2.90291e-01	AbsError: 4.17220e-02
Iteration: 6
  Device: "d"	RelError: 8.18607e-02	AbsError: 3.16681e-02
    Region: "Si"	RelError: 8.18607e-02	AbsError: 3.16681e-02
      Equation: "PotentialEquation"	RelError: 8.18607e-02	AbsError: 3.16681e-02
Iteration: 7
  Device: "d"	RelError: 5.20227e-02	AbsError: 2.17236e-02
    Region: "Si"	RelError: 5.20227e-02	AbsError: 2.17236e-02
      Equation: "PotentialEquation"	RelError: 5.20227e-02	AbsError: 2.17236e-02
Iteration: 8
  Device: "d"	RelError: 2.46584e-02	AbsError: 1.02888e-02
    Region: "Si"	RelError: 2.46584e-02	AbsError: 1.02888e-02
      Equation: "PotentialEquation"	RelError: 2.46584e-02	AbsError: 1.02888e-02
Iteration: 9
  Device: "d"	RelError: 1.64718e-06	AbsError: 6.87291e-07
    Region: "Si"	RelError: 1.64718e-06	AbsError: 6.87291e-07
      Equation: "PotentialEquation"	RelError: 1.64718e-06	AbsError: 6.87291e-07
Iteration: 10
  Device: "d"	RelError: 8.50630e-12	AbsError: 3.54927e-12
    Region: "Si"	RelError: 8.50630e-12	AbsError: 3.54927e-12
      Equation: "PotentialEquation"	RelError: 8.50630e-12	AbsError: 3.54927e-12
### SOLVE-END A
Warning: Replacing equation with equation of the same name.
Region: Si, Equation: PotentialEquation, Variable: Potential
### SOLVE-BEGIN B0
number of equations 606
Iteration: 0
  Device: "d"	RelError: 9.22666e-21	AbsError: 8.94904e-04
    Region: "Si"	RelError: 9.22666e-21	AbsError: 8.94904e-04
      Equation: "ElectronContinuityEquation"	RelError: 4.47453e-21	AbsError: 4.47453e-04
      Equation: "HoleContinuityEquation"	RelError: 4.47453e-21	AbsError: 4.47452e-04
      Equation: "PotentialEquation"	RelError: 2.77609e-22	AbsError: 1.15833e-22
### SOLVE-END B0
### SOLVE-BEGIN C+0.025
number of equations 606
Iteration: 0
  Device: "d"	RelError: 1.80201e+00	AbsError: 5.56112e+15
    Region: "Si"	RelError: 1.80201e+00	AbsError: 5.56112e+15
      Equation: "ElectronContinuityEquation"	RelError: 4.76807e-01	AbsError: 2.78056e+15
      Equation: "HoleContinuityEquation"	RelError: 4.76752e-01	AbsError: 2.78056e+15
      Equation: "PotentialEquation"	RelError: 8.48449e-01	AbsError: 2.50000e-02
Iteration: 1
  Device: "d"	RelError: 4.84109e-01	AbsError: 1.73903e+14
    Region: "Si"	RelError: 4.84109e-01	AbsError: 1.73903e+14
      Equation: "ElectronContinuityEquation"	RelError: 2.41956e-01	AbsError: 8.69517e+13
      Equation: "HoleContinuityEquation"	RelError: 2.41913e-01	AbsError: 8.69517e+13
      Equation: "PotentialEquation"	RelError: 2.40010e-04	AbsError: 6.01360e-05
Iteration: 2
  Device: "d"	RelError: 8.20464e-04	AbsError: 3.07201e+10
    Region: "Si"	RelError: 8.20464e-04	AbsError: 3.07201e+10
      Equation: "ElectronContinuityEquation"	RelError: 4.10222e-04	AbsError: 1.53601e+10
      Equation: "HoleContinuityEquation"	RelError: 4.10229e-04	AbsError: 1.53601e+10
      Equation: "PotentialEquation"	RelError: 1.34982e-08	AbsError: 4.77298e-09
Iteration: 3
  Device: "d"	RelError: 1.02660e-10	AbsError: 4.09112e+02
    Region: "Si"	RelError: 1.02660e-10	AbsError: 4.09112e+02
      Equation: "ElectronContinuityEquation"	RelError: 5.13280e-11	AbsError: 2.04559e+02
      Equation: "HoleContinuityEquation"	RelError: 5.13315e-11	AbsError: 2.04553e+02
      Equation: "PotentialEquation"	RelError: 1.01892e-16	AbsError: 3.95970e-17
Iteration: 4
  Device: "d"	RelError: 3.64402e-24	AbsError: 2.90179e-09
    Region: "Si"	RelError: 3.64402e-24	AbsError: 2.90179e-09
      Equation: "ElectronContinuityEquation"	RelError: 1.69230e-24	AbsError: 1.26162e-09
      Equation: "HoleContinuityEquation"	RelError: 1.92582e-24	AbsError: 1.64017e-09
      Equation: "PotentialEquation"	RelError: 2.59028e-26	AbsError: 1.83029e-27
### SOLVE-END C+0.025
### SOLVE-BEGIN C+0.050
number of equations 606
Iteration: 0
  Device: "d"	RelError: 6.59415e+00	AbsError: 5.67720e+15
    Region: "Si"	RelError: 6.59415e+00	AbsError: 5.67720e+15
      Equation: "ElectronContinuityEquation"	RelError: 4.82843e-01	AbsError: 2.83860e+15
      Equation: "HoleContinuityEquation"	RelError: 4.82807e-01	AbsError: 2.83860e+15
      Equation: "PotentialEquation"	RelError: 5.62849e+00	AbsError: 2.50000e-02
Iteration: 1
  Device: "d"	RelError: 4.94072e-01	AbsError: 1.79786e+14
    Region: "Si"	RelError: 4.94072e-01	AbsError: 1.79786e+14
      Equation: "ElectronContinuityEquation"	RelError: 2.46212e-01	AbsError: 8.98932e+13
      Equation: "HoleContinuityEquation"	RelError: 2.46186e-01	AbsError: 8.98932e+13
      Equation: "PotentialEquation"	RelError: 1.67405e-03	AbsError: 6.16526e-05
Iteration: 2
  Device: "d"	RelError: 8.41114e-04	AbsError: 3.26085e+10
    Region: "Si"	RelError: 8.41114e-04	AbsError: 3.26085e+10
      Equation: "ElectronContinuityEquation"	RelError: 4.20504e-04	AbsError: 1.63043e+10
      Equation: "HoleContinuityEquation"	RelError: 4.20509e-04	AbsError: 1.63043e+10
      Equation: "PotentialEquation"	RelError: 1.01023e-07	AbsError: 5.05737e-09
Iteration: 3
  Device: "d"	RelError: 1.13401e-10	AbsError: 5.08259e+02
    Region: "Si"	RelError: 1.13401e-10	AbsError: 5.08259e+02
      Equation: "ElectronContinuityEquation"	RelError: 5.67124e-11	AbsError: 2.54127e+02
      Equation: "HoleContinuityEquation"	RelError: 5.66889e-11	AbsError: 2.54132e+02
      Equation: "PotentialEquation"	RelError: 1.20878e-16	AbsError: 4.38015e-17
Iteration: 4
  Device: "d"	RelError: 3.37801e-24	AbsError: 4.19654e-09
    Region: "Si"	RelError: 3.37801e-24	AbsError: 4.19654e-09
      Equation: "ElectronContinuityEquation"	RelError: 1.40886e-24	AbsError: 2.06484e-09
      Equation: "HoleContinuityEquation"	RelError: 1.26088e-24	AbsError: 2.13170e-09
      Equation: "PotentialEquation"	RelError: 7.08265e-25	AbsError: 2.03835e-27
### SOLVE-END C+0.050
Replacing Edge Model x@n0 in region Si of material Si
Replacing Edge Model x@n1 in region Si of material Si
Replacing Edge Model node_index@n0 in region Si of material Si
Replacing Edge Model node_index@n1 in region Si of material Si
### SOLVE-BEGIN C+0.075
number of equations 606
Iteration: 0
  Device: "d"	RelError: 2.18851e+00	AbsError: 5.76417e+15
    Region: "Si"	RelError: 2.18851e+00	AbsError: 5.76417e+15
      Equation: "ElectronContinuityEquation"	RelError: 4.86536e-01	AbsError: 2.88209e+15
      Equation: "HoleContinuityEquation"	RelError: 4.86514e-01	AbsError: 2.88209e+15
      Equation: "PotentialEquation"	RelError: 1.21546e+00	AbsError: 2.50000e-02
Iteration: 1
  Device: "d"	RelError: 4.97407e-01	AbsError: 1.89914e+14
    Region: "Si"	RelError: 4.97407e-01	AbsError: 1.89914e+14
      Equation: "ElectronContinuityEquation"	RelError: 2.48522e-01	AbsError: 9.49570e+13
      Equation: "HoleContinuityEquation"	RelError: 2.48506e-01	AbsError: 9.49570e+13
      Equation: "PotentialEquation"	RelError: 3.79390e-04	AbsError: 6.31014e-05
Iteration: 2
  Device: "d"	RelError: 8.60336e-04	AbsError: 3.37519e+10
    Region: "Si"	RelError: 8.60336e-04	AbsError: 3.37519e+10
      Equation: "ElectronContinuityEquation"	RelError: 4.30153e-04	AbsError: 1.68759e+10
      Equation: "HoleContinuityEquation"	RelError: 4.30159e-04	AbsError: 1.68759e+10
      Equation: "PotentialEquation"	RelError: 2.46214e-08	AbsError: 5.38895e-09
Iteration: 3
  Device: "d"	RelError: 1.24348e-10	AbsError: 6.13367e+02
    Region: "Si"	RelError: 1.24348e-10	AbsError: 6.13367e+02
      Equation: "ElectronContinuityEquation"	RelError: 6.21847e-11	AbsError: 3.06679e+02
      Equation: "HoleContinuityEquation"	RelError: 6.21627e-11	AbsError: 3.06688e+02
      Equation: "PotentialEquation"	RelError: 1.46135e-16	AbsError: 4.93610e-17
Iteration: 4
  Device: "d"	RelError: 4.19208e-24	AbsError: 7.01651e-09
    Region: "Si"	RelError: 4.19208e-24	AbsError: 7.01651e-09
      Equation: "ElectronContinuityEquation"	RelError: 3.67531e-24	AbsError: 4.08587e-09
      Equation: "HoleContinuityEquation"	RelError: 4.63273e-25	AbsError: 2.93064e-09
      Equation: "PotentialEquation"	RelError: 5.34940e-26	AbsError: 1.60281e-27
### SOLVE-END C+0.075
### SOLVE-BEGIN C+0.100
number of equations 606
Iteration: 0
  Device: "d"	RelError: 1.53428e+00	AbsError: 5.82076e+15
    Region: "Si"	RelError: 1.53428e+00	AbsError: 5.82076e+15
      Equation: "ElectronContinuityEquation"	RelError: 4.88575e-01	AbsError: 2.91038e+15
      Equation: "HoleContinuityEquation"	RelError: 4.88562e-01	AbsError: 2.91038e+15
      Equation: "PotentialEquation"	RelError: 5.57138e-01	AbsError: 2.50000e-02
Iteration: 1
  Device: "d"	RelError: 4.99867e-01	AbsError: 1.98115e+14
    Region: "Si"	RelError: 4.99867e-01	AbsError: 1.98115e+14
      Equation: "ElectronContinuityEquation"	RelError: 2.49682e-01	AbsError: 9.90573e+13
      Equation: "HoleContinuityEquation"	RelError: 2.49672e-01	AbsError: 9.90573e+13
      Equation: "PotentialEquation"	RelError: 5.12602e-04	AbsError: 6.44620e-05
Iteration: 2
  Device: "d"	RelError: 8.78089e-04	AbsError: 3.41868e+10
    Region: "Si"	RelError: 8.78089e-04	AbsError: 3.41868e+10
      Equation: "ElectronContinuityEquation"	RelError: 4.39023e-04	AbsError: 1.70934e+10
      Equation: "HoleContinuityEquation"	RelError: 4.39030e-04	AbsError: 1.70934e+10
      Equation: "PotentialEquation"	RelError: 3.58350e-08	AbsError: 5.71263e-09
Iteration: 3
  Device: "d"	RelError: 1.35286e-10	AbsError: 6.65509e+02
    Region: "Si"	RelError: 1.35286e-10	AbsError: 6.65509e+02
      Equation: "ElectronContinuityEquation"	RelError: 6.76539e-11	AbsError: 3.32753e+02
      Equation: "HoleContinuityEquation"	RelError: 6.76318e-11	AbsError: 3.32756e+02
      Equation: "PotentialEquation"	RelError: 1.76988e-16	AbsError: 5.54276e-17
Iteration: 4
  Device: "d"	RelError: 4.69177e-24	AbsError: 9.40330e-09
    Region: "Si"	RelError: 4.69177e-24	AbsError: 9.40330e-09
      Equation: "ElectronContinuityEquation"	RelError: 1.40133e-24	AbsError: 2.88831e-09
      Equation: "HoleContinuityEquation"	RelError: 3.24830e-24	AbsError: 6.51500e-09
      Equation: "PotentialEquation"	RelError: 4.21350e-26	AbsError: 2.90059e-27
### SOLVE-END C+0.100
Replacing Edge Model x@n0 in region Si of material Si
Replacing Edge Model x@n1 in region Si of material Si
Replacing Edge Model node_index@n0 in region Si of material Si
Replacing Edge Model node_index@n1 in region Si of material Si
R
 (region: Si)
 (contact: left)
 (contact: right)
Creating Node Solution Potential
### SOLVE-BEGIN Arev
number of equations 202
Iteration: 0
  Device: "d"	RelError: 1.00000e+00	AbsError: 1.37947e-01
    Region: "Si"	RelError: 1.00000e+00	AbsError: 1.37947e-01
      Equation: "PotentialEquation"	RelError: 1.00000e+00	AbsError: 1.37947e-01
Iteration: 1
  Device: "d"	RelError: 4.98626e-01	AbsError: 1.37191e-01
    Region: "Si"	RelError: 4.98626e-01	AbsError: 1.37191e-01
      Equation: "PotentialEquation"	RelError: 4.98626e-01	AbsError: 1.37191e-01
Iteration: 2
  Device: "d"	RelError: 3.14427e-01	AbsError: 1.25169e-01
    Region: "Si"	RelError: 3.14427e-01	AbsError: 1.25169e-01
      Equation: "PotentialEquation"	RelError: 3.14427e-01	AbsError: 1.25169e-01
Iteration: 3
  Device: "d"	RelError: 5.26469e-01	AbsError: 6.12167e-02
    Region: "Si"	RelError: 5.26469e-01	AbsError: 6.12167e-02
      Equation: "PotentialEquation"	RelError: 5.26469e-01	AbsError: 6.12167e-02
Iteration: 4
  Device: "d"	RelError: 8.37229e-01	AbsError: 5.01960e-02
    Region: "Si"	RelError: 8.37229e-01	AbsError: 5.01960e-02
      Equation: "PotentialEquation"	RelError: 8.37229e-01	AbsError: 5.01960e-02
Iteration: 5
  Device: "d"	RelError: 2.90291e-01	AbsError: 4.17220e-02
    Region: "Si"	RelError: 2.90291e-01	AbsError: 4.17220e-02
      Equation: "PotentialEquation"	RelError: 2.90291e-01	AbsError: 4.17220e-02
Iteration: 6
  Device: "d"	RelError: 8.18607e-02	AbsError: 3.16681e-02
    Region: "Si"	RelError: 8.18607e-02	AbsError: 3.16681e-02
      Equation: "PotentialEquation"	RelError: 8.18607e-02	AbsError: 3.16681e-02
Iteration: 7
  Device: "d"	RelError: 5.20227e-02	AbsError: 2.17236e-02
    Region: "Si"	RelError: 5.20227e-02	AbsError: 2.17236e-02
      Equation: "PotentialEquation"	RelError: 5.20227e-02	AbsError: 2.17236e-02
Iteration: 8
  Device: "d"	RelError: 2.46584e-02	AbsError: 1.02888e-02
    Region: "Si"	RelError: 2.46584e-02	AbsError: 1.02888e-02
      Equation: "PotentialEquation"	RelError: 2.46584e-02	AbsError: 1.02888e-02
Iteration: 9
  Device: "d"	RelError: 1.64718e-06	AbsError: 6.87291e-07
    Region: "Si"	RelError: 1.64718e-06	AbsError: 6.87291e-07
      Equation: "PotentialEquation"	RelError: 1.64718e-06	AbsError: 6.87291e-07
Iteration: 10
  Device: "d"	RelError: 8.50630e-12	AbsError: 3.54927e-12
    Region: "Si"	RelError: 8.50630e-12	AbsError: 3.54927e-12
      Equation: "PotentialEquation"	RelError: 8.50630e-12	AbsError: 3.54927e-12
### SOLVE-END Arev
Warning: Replacing equation with equation of the same name.
Region: Si, Equation: PotentialEquation, Variable: Potential
### SOLVE-BEGIN B0rev
number of equations 606
Iteration: 0
  Device: "d"	RelError: 9.22666e-21	AbsError: 8.94904e-04
    Region: "Si"	RelError: 9.22666e-21	AbsError: 8.94904e-04
      Equation: "ElectronContinuityEquation"	RelError: 4.47453e-21	AbsError: 4.47453e-04
      Equation: "HoleContinuityEquation"	RelError: 4.47453e-21	AbsError: 4.47452e-04
      Equation: "PotentialEquation"	RelError: 2.77609e-22	AbsError: 1.15833e-22
### SOLVE-END B0rev
### SOLVE-BEGIN C-0.025
number of equations 606
Iteration: 0
  Device: "d"	RelError: 2.12779e+01	AbsError: 5.56112e+15
    Region: "Si"	RelError: 2.12779e+01	AbsError: 5.56112e+15
      Equation: "ElectronContinuityEquation"	RelError: 1.02789e+01	AbsError: 2.78056e+15
      Equation: "HoleContinuityEquation"	RelError: 1.02537e+01	AbsError: 2.78056e+15
      Equation: "PotentialEquation"	RelError: 7.45318e-01	AbsError: 2.50000e-02
Iteration: 1
  Device: "d"	RelError: 1.56622e+00	AbsError: 1.72123e+14
    Region: "Si"	RelError: 1.56622e+00	AbsError: 1.72123e+14
      Equation: "ElectronContinuityEquation"	RelError: 7.83261e-01	AbsError: 8.60615e+13
      Equation: "HoleContinuityEquation"	RelError: 7.82743e-01	AbsError: 8.60615e+13
      Equation: "PotentialEquation"	RelError: 2.19485e-04	AbsError: 5.90969e-05
Iteration: 2
  Device: "d"	RelError: 1.76882e-03	AbsError: 2.87833e+10
    Region: "Si"	RelError: 1.76882e-03	AbsError: 2.87833e+10
      Equation: "ElectronContinuityEquation"	RelError: 8.84351e-04	AbsError: 1.43916e+10
      Equation: "HoleContinuityEquation"	RelError: 8.84455e-04	AbsError: 1.43916e+10
      Equation: "PotentialEquation"	RelError: 1.13993e-08	AbsError: 4.59635e-09
Iteration: 3
  Device: "d"	RelError: 2.54870e-10	AbsError: 4.55453e+02
    Region: "Si"	RelError: 2.54870e-10	AbsError: 4.55453e+02
      Equation: "ElectronContinuityEquation"	RelError: 1.27530e-10	AbsError: 2.27726e+02
      Equation: "HoleContinuityEquation"	RelError: 1.27340e-10	AbsError: 2.27726e+02
      Equation: "PotentialEquation"	RelError: 8.79464e-17	AbsError: 3.63183e-17
Iteration: 4
  Device: "d"	RelError: 5.67917e-24	AbsError: 8.27369e-13
    Region: "Si"	RelError: 5.67917e-24	AbsError: 8.27369e-13
      Equation: "ElectronContinuityEquation"	RelError: 2.54657e-24	AbsError: 5.00251e-13
      Equation: "HoleContinuityEquation"	RelError: 3.13256e-24	AbsError: 3.27117e-13
      Equation: "PotentialEquation"	RelError: 3.50984e-29	AbsError: 1.73331e-30
### SOLVE-END C-0.025
### SOLVE-BEGIN C-0.050
number of equations 606
Iteration: 0
  Device: "d"	RelError: 1.76945e+01	AbsError: 5.42086e+15
    Region: "Si"	RelError: 1.76945e+01	AbsError: 5.42086e+15
      Equation: "ElectronContinuityEquation"	RelError: 7.39146e+00	AbsError: 2.71043e+15
      Equation: "HoleContinuityEquation"	RelError: 7.36734e+00	AbsError: 2.71043e+15
      Equation: "PotentialEquation"	RelError: 2.93573e+00	AbsError: 2.50000e-02
Iteration: 1
  Device: "d"	RelError: 1.43906e+00	AbsError: 1.67685e+14
    Region: "Si"	RelError: 1.43906e+00	AbsError: 1.67685e+14
      Equation: "ElectronContinuityEquation"	RelError: 7.19452e-01	AbsError: 8.38424e+13
      Equation: "HoleContinuityEquation"	RelError: 7.18788e-01	AbsError: 8.38424e+13
      Equation: "PotentialEquation"	RelError: 8.25090e-04	AbsError: 5.75089e-05
Iteration: 2
  Device: "d"	RelError: 1.71726e-03	AbsError: 2.71435e+10
    Region: "Si"	RelError: 1.71726e-03	AbsError: 2.71435e+10
      Equation: "ElectronContinuityEquation"	RelError: 8.58484e-04	AbsError: 1.35718e+10
      Equation: "HoleContinuityEquation"	RelError: 8.58735e-04	AbsError: 1.35718e+10
      Equation: "PotentialEquation"	RelError: 4.00905e-08	AbsError: 4.37865e-09
Iteration: 3
  Device: "d"	RelError: 1.76427e-10	AbsError: 4.54616e+02
    Region: "Si"	RelError: 1.76427e-10	AbsError: 4.54616e+02
      Equation: "ElectronContinuityEquation"	RelError: 8.82891e-11	AbsError: 2.27308e+02
      Equation: "HoleContinuityEquation"	RelError: 8.81375e-11	AbsError: 2.27308e+02
      Equation: "PotentialEquation"	RelError: 7.97048e-17	AbsError: 3.28855e-17
Iteration: 4
  Device: "d"	RelError: 2.47582e-24	AbsError: 5.25596e-13
    Region: "Si"	RelError: 2.47582e-24	AbsError: 5.25596e-13
      Equation: "ElectronContinuityEquation"	RelError: 1.96341e-24	AbsError: 2.95165e-13
      Equation: "HoleContinuityEquation"	RelError: 5.12375e-25	AbsError: 2.30431e-13
      Equation: "PotentialEquation"	RelError: 3.13621e-29	AbsError: 5.83820e-31
### SOLVE-END C-0.050
### SOLVE-BEGIN C-0.075
number of equations 606
Iteration: 0
  Device: "d"	RelError: 1.24788e+01	AbsError: 5.39050e+15
    Region: "Si"	RelError: 1.24788e+01	AbsError: 5.39050e+15
      Equation: "ElectronContinuityEquation"	RelError: 5.49037e+00	AbsError: 2.69525e+15
      Equation: "HoleContinuityEquation"	RelError: 5.47290e+00	AbsError: 2.69525e+15
      Equation: "PotentialEquation"	RelError: 1.51552e+00	AbsError: 2.50000e-02
Iteration: 1
  Device: "d"	RelError: 1.29699e+00	AbsError: 1.61425e+14
    Region: "Si"	RelError: 1.29699e+00	AbsError: 1.61425e+14
      Equation: "ElectronContinuityEquation"	RelError: 6.48656e-01	AbsError: 8.07126e+13
      Equation: "HoleContinuityEquation"	RelError: 6.47928e-01	AbsError: 8.07126e+13
      Equation: "PotentialEquation"	RelError: 4.06347e-04	AbsError: 5.63800e-05
Iteration: 2
  Device: "d"	RelError: 1.65936e-03	AbsError: 2.68457e+10
    Region: "Si"	RelError: 1.65936e-03	AbsError: 2.68457e+10
      Equation: "ElectronContinuityEquation"	RelError: 8.29361e-04	AbsError: 1.34228e+10
      Equation: "HoleContinuityEquation"	RelError: 8.29981e-04	AbsError: 1.34228e+10
      Equation: "PotentialEquation"	RelError: 1.85057e-08	AbsError: 4.15201e-09
Iteration: 3
  Device: "d"	RelError: 1.27868e-10	AbsError: 4.14849e+02
    Region: "Si"	RelError: 1.27868e-10	AbsError: 4.14849e+02
      Equation: "ElectronContinuityEquation"	RelError: 6.37849e-11	AbsError: 2.07424e+02
      Equation: "HoleContinuityEquation"	RelError: 6.40831e-11	AbsError: 2.07424e+02
      Equation: "PotentialEquation"	RelError: 7.20081e-17	AbsError: 2.96807e-17
Iteration: 4
  Device: "d"	RelError: 1.26353e-24	AbsError: 7.93949e-13
    Region: "Si"	RelError: 1.26353e-24	AbsError: 7.93949e-13
      Equation: "ElectronContinuityEquation"	RelError: 1.81173e-25	AbsError: 4.38713e-13
      Equation: "HoleContinuityEquation"	RelError: 1.08234e-24	AbsError: 3.55237e-13
      Equation: "PotentialEquation"	RelError: 1.92361e-29	AbsError: 1.24265e-30
### SOLVE-END C-0.075
### SOLVE-BEGIN C-0.100
number of equations 606
Iteration: 0
  Device: "d"	RelError: 9.10644e+00	AbsError: 5.33490e+15
    Region: "Si"	RelError: 9.10644e+00	AbsError: 5.33490e+15
      Equation: "ElectronContinuityEquation"	RelError: 4.26109e+00	AbsError: 2.66745e+15
      Equation: "HoleContinuityEquation"	RelError: 4.24285e+00	AbsError: 2.66745e+15
      Equation: "PotentialEquation"	RelError: 6.02498e-01	AbsError: 2.50000e-02
Iteration: 1
  Device: "d"	RelError: 1.16520e+00	AbsError: 1.53691e+14
    Region: "Si"	RelError: 1.16520e+00	AbsError: 1.53691e+14
      Equation: "ElectronContinuityEquation"	RelError: 5.82987e-01	AbsError: 7.68454e+13
      Equation: "HoleContinuityEquation"	RelError: 5.81950e-01	AbsError: 7.68454e+13
      Equation: "PotentialEquation"	RelError: 2.59310e-04	AbsError: 5.52951e-05
Iteration: 2
  Device: "d"	RelError: 1.59166e-03	AbsError: 2.60028e+10
    Region: "Si"	RelError: 1.59166e-03	AbsError: 2.60028e+10
      Equation: "ElectronContinuityEquation"	RelError: 7.95063e-04	AbsError: 1.30014e+10
      Equation: "HoleContinuityEquation"	RelError: 7.96584e-04	AbsError: 1.30014e+10
      Equation: "PotentialEquation"	RelError: 1.10874e-08	AbsError: 3.91837e-09
Iteration: 3
  Device: "d"	RelError: 9.65469e-11	AbsError: 3.46855e+02
    Region: "Si"	RelError: 9.65469e-11	AbsError: 3.46855e+02
      Equation: "ElectronContinuityEquation"	RelError: 4.79821e-11	AbsError: 1.73428e+02
      Equation: "HoleContinuityEquation"	RelError: 4.85647e-11	AbsError: 1.73428e+02
      Equation: "PotentialEquation"	RelError: 6.48430e-17	AbsError: 2.67001e-17
### SOLVE-END C-0.100
Replacing Edge Model x@n0 in region Si of material Si
Replacing Edge Model x@n1 in region Si of material Si
Replacing Edge Model node_index@n0 in region Si of material Si
Replacing Edge Model node_index@n1 in region Si of material Si

[worker_d3] wrote E2_1D_h0.005_P4_mirror.json error=False

[d3] E2_1D_h0.005_P4_mirror completed=True in 1.1 s

[d3] ===== E2_M1_h0.005_P4_mirror =====
Searching DEVSIM_MATH_LIBS="mkl_rt.3.dll"
Loading "mkl_rt.3.dll": Intel MKL with PARDISO LOADED
Physical group name Si has 0 Tetrahedra.
Physical group name Si has 8040 Triangles.
Physical group name Si has 12281 Lines.
Physical group name Si has 4242 Points.
Physical group name left has 0 Tetrahedra.
Physical group name left has 0 Triangles.
Physical group name left has 20 Lines.
Physical group name left has 21 Points.
Physical group name right has 0 Tetrahedra.
Physical group name right has 0 Triangles.
Physical group name right has 20 Lines.
Physical group name right has 21 Points.
Device d has 4242 coordinates with max index 4241
Region Si has 4242 nodes.
Contact left in region Si with 21 nodes
Contact right in region Si with 21 nodes
Creating Node Solution Potential
### SOLVE-BEGIN A
number of equations 4242
Iteration: 0
  Device: "d"	RelError: 1.00000e+00	AbsError: 1.37949e-01
    Region: "Si"	RelError: 1.00000e+00	AbsError: 1.37949e-01
      Equation: "PotentialEquation"	RelError: 1.00000e+00	AbsError: 1.37949e-01
Iteration: 1
  Device: "d"	RelError: 4.98626e-01	AbsError: 1.37193e-01
    Region: "Si"	RelError: 4.98626e-01	AbsError: 1.37193e-01
      Equation: "PotentialEquation"	RelError: 4.98626e-01	AbsError: 1.37193e-01
Iteration: 2
  Device: "d"	RelError: 3.14428e-01	AbsError: 1.25170e-01
    Region: "Si"	RelError: 3.14428e-01	AbsError: 1.25170e-01
      Equation: "PotentialEquation"	RelError: 3.14428e-01	AbsError: 1.25170e-01
Iteration: 3
  Device: "d"	RelError: 5.26493e-01	AbsError: 6.12227e-02
    Region: "Si"	RelError: 5.26493e-01	AbsError: 6.12227e-02
      Equation: "PotentialEquation"	RelError: 5.26493e-01	AbsError: 6.12227e-02
Iteration: 4
  Device: "d"	RelError: 8.37069e-01	AbsError: 5.01960e-02
    Region: "Si"	RelError: 8.37069e-01	AbsError: 5.01960e-02
      Equation: "PotentialEquation"	RelError: 8.37069e-01	AbsError: 5.01960e-02
Iteration: 5
  Device: "d"	RelError: 2.90437e-01	AbsError: 4.17220e-02
    Region: "Si"	RelError: 2.90437e-01	AbsError: 4.17220e-02
      Equation: "PotentialEquation"	RelError: 2.90437e-01	AbsError: 4.17220e-02
Iteration: 6
  Device: "d"	RelError: 8.18607e-02	AbsError: 3.16681e-02
    Region: "Si"	RelError: 8.18607e-02	AbsError: 3.16681e-02
      Equation: "PotentialEquation"	RelError: 8.18607e-02	AbsError: 3.16681e-02
Iteration: 7
  Device: "d"	RelError: 5.20424e-02	AbsError: 2.17306e-02
    Region: "Si"	RelError: 5.20424e-02	AbsError: 2.17306e-02
      Equation: "PotentialEquation"	RelError: 5.20424e-02	AbsError: 2.17306e-02
Iteration: 8
  Device: "d"	RelError: 2.46584e-02	AbsError: 1.02888e-02
    Region: "Si"	RelError: 2.46584e-02	AbsError: 1.02888e-02
      Equation: "PotentialEquation"	RelError: 2.46584e-02	AbsError: 1.02888e-02
Iteration: 9
  Device: "d"	RelError: 1.63403e-06	AbsError: 6.81804e-07
    Region: "Si"	RelError: 1.63403e-06	AbsError: 6.81804e-07
      Equation: "PotentialEquation"	RelError: 1.63403e-06	AbsError: 6.81804e-07
Iteration: 10
  Device: "d"	RelError: 8.20808e-12	AbsError: 3.42484e-12
    Region: "Si"	RelError: 8.20808e-12	AbsError: 3.42484e-12
      Equation: "PotentialEquation"	RelError: 8.20808e-12	AbsError: 3.42484e-12
### SOLVE-END A
Warning: Replacing equation with equation of the same name.
Region: Si, Equation: PotentialEquation, Variable: Potential
### SOLVE-BEGIN B0
number of equations 12726
Iteration: 0
  Device: "d"	RelError: 8.26601e-21	AbsError: 8.01727e-04
    Region: "Si"	RelError: 8.26601e-21	AbsError: 8.01727e-04
      Equation: "ElectronContinuityEquation"	RelError: 4.00865e-21	AbsError: 4.00865e-04
      Equation: "HoleContinuityEquation"	RelError: 4.00865e-21	AbsError: 4.00861e-04
      Equation: "PotentialEquation"	RelError: 2.48705e-22	AbsError: 1.03773e-22
### SOLVE-END B0
### SOLVE-BEGIN C+0.025
number of equations 12726
Iteration: 0
  Device: "d"	RelError: 1.80227e+00	AbsError: 5.57271e+15
    Region: "Si"	RelError: 1.80227e+00	AbsError: 5.57271e+15
      Equation: "ElectronContinuityEquation"	RelError: 4.76875e-01	AbsError: 2.78636e+15
      Equation: "HoleContinuityEquation"	RelError: 4.76814e-01	AbsError: 2.78636e+15
      Equation: "PotentialEquation"	RelError: 8.48578e-01	AbsError: 2.50000e-02
Iteration: 1
  Device: "d"	RelError: 4.84100e-01	AbsError: 1.77067e+14
    Region: "Si"	RelError: 4.84100e-01	AbsError: 1.77067e+14
      Equation: "ElectronContinuityEquation"	RelError: 2.41952e-01	AbsError: 8.85335e+13
      Equation: "HoleContinuityEquation"	RelError: 2.41909e-01	AbsError: 8.85335e+13
      Equation: "PotentialEquation"	RelError: 2.40046e-04	AbsError: 6.00910e-05
Iteration: 2
  Device: "d"	RelError: 8.21512e-04	AbsError: 3.07195e+10
    Region: "Si"	RelError: 8.21512e-04	AbsError: 3.07195e+10
      Equation: "ElectronContinuityEquation"	RelError: 4.10745e-04	AbsError: 1.53598e+10
      Equation: "HoleContinuityEquation"	RelError: 4.10753e-04	AbsError: 1.53598e+10
      Equation: "PotentialEquation"	RelError: 1.39438e-08	AbsError: 4.88028e-09
Iteration: 3
  Device: "d"	RelError: 1.05116e-10	AbsError: 5.14852e+02
    Region: "Si"	RelError: 1.05116e-10	AbsError: 5.14852e+02
      Equation: "ElectronContinuityEquation"	RelError: 5.25558e-11	AbsError: 2.57433e+02
      Equation: "HoleContinuityEquation"	RelError: 5.25598e-11	AbsError: 2.57420e+02
      Equation: "PotentialEquation"	RelError: 1.07351e-16	AbsError: 4.17266e-17
Iteration: 4
  Device: "d"	RelError: 7.43319e-24	AbsError: 2.70822e-08
    Region: "Si"	RelError: 7.43319e-24	AbsError: 2.70822e-08
      Equation: "ElectronContinuityEquation"	RelError: 3.30429e-24	AbsError: 1.21086e-08
      Equation: "HoleContinuityEquation"	RelError: 2.94763e-24	AbsError: 1.49736e-08
      Equation: "PotentialEquation"	RelError: 1.18127e-24	AbsError: 5.60061e-26
### SOLVE-END C+0.025
### SOLVE-BEGIN C+0.050
number of equations 12726
Iteration: 0
  Device: "d"	RelError: 6.59988e+00	AbsError: 5.67889e+15
    Region: "Si"	RelError: 6.59988e+00	AbsError: 5.67889e+15
      Equation: "ElectronContinuityEquation"	RelError: 4.82855e-01	AbsError: 2.83945e+15
      Equation: "HoleContinuityEquation"	RelError: 4.82817e-01	AbsError: 2.83945e+15
      Equation: "PotentialEquation"	RelError: 5.63421e+00	AbsError: 2.50000e-02
Iteration: 1
  Device: "d"	RelError: 4.94072e-01	AbsError: 1.83669e+14
    Region: "Si"	RelError: 4.94072e-01	AbsError: 1.83669e+14
      Equation: "ElectronContinuityEquation"	RelError: 2.46211e-01	AbsError: 9.18347e+13
      Equation: "HoleContinuityEquation"	RelError: 2.46185e-01	AbsError: 9.18347e+13
      Equation: "PotentialEquation"	RelError: 1.67574e-03	AbsError: 6.16055e-05
Iteration: 2
  Device: "d"	RelError: 8.42167e-04	AbsError: 3.25998e+10
    Region: "Si"	RelError: 8.42167e-04	AbsError: 3.25998e+10
      Equation: "ElectronContinuityEquation"	RelError: 4.21029e-04	AbsError: 1.62999e+10
      Equation: "HoleContinuityEquation"	RelError: 4.21034e-04	AbsError: 1.62999e+10
      Equation: "PotentialEquation"	RelError: 1.04346e-07	AbsError: 5.14675e-09
Iteration: 3
  Device: "d"	RelError: 1.14701e-10	AbsError: 5.36551e+02
    Region: "Si"	RelError: 1.14701e-10	AbsError: 5.36551e+02
      Equation: "ElectronContinuityEquation"	RelError: 5.73622e-11	AbsError: 2.68260e+02
      Equation: "HoleContinuityEquation"	RelError: 5.73388e-11	AbsError: 2.68291e+02
      Equation: "PotentialEquation"	RelError: 1.27591e-16	AbsError: 4.63569e-17
Iteration: 4
  Device: "d"	RelError: 3.21464e-23	AbsError: 2.37115e-08
    Region: "Si"	RelError: 3.21464e-23	AbsError: 2.37115e-08
      Equation: "ElectronContinuityEquation"	RelError: 2.24195e-24	AbsError: 1.10635e-08
      Equation: "HoleContinuityEquation"	RelError: 1.13860e-24	AbsError: 1.26480e-08
      Equation: "PotentialEquation"	RelError: 2.87658e-23	AbsError: 6.81377e-26
### SOLVE-END C+0.050
Replacing Edge Model x@n0 in region Si of material Si
Replacing Edge Model x@n1 in region Si of material Si
Replacing Edge Model node_index@n0 in region Si of material Si
Replacing Edge Model node_index@n1 in region Si of material Si
### SOLVE-BEGIN C+0.075
number of equations 12726
Iteration: 0
  Device: "d"	RelError: 2.18879e+00	AbsError: 5.76634e+15
    Region: "Si"	RelError: 2.18879e+00	AbsError: 5.76634e+15
      Equation: "ElectronContinuityEquation"	RelError: 4.86543e-01	AbsError: 2.88317e+15
      Equation: "HoleContinuityEquation"	RelError: 4.86520e-01	AbsError: 2.88317e+15
      Equation: "PotentialEquation"	RelError: 1.21572e+00	AbsError: 2.50000e-02
Iteration: 1
  Device: "d"	RelError: 4.97406e-01	AbsError: 1.89900e+14
    Region: "Si"	RelError: 4.97406e-01	AbsError: 1.89900e+14
      Equation: "ElectronContinuityEquation"	RelError: 2.48521e-01	AbsError: 9.49499e+13
      Equation: "HoleContinuityEquation"	RelError: 2.48505e-01	AbsError: 9.49499e+13
      Equation: "PotentialEquation"	RelError: 3.79470e-04	AbsError: 6.30528e-05
Iteration: 2
  Device: "d"	RelError: 8.61400e-04	AbsError: 3.37336e+10
    Region: "Si"	RelError: 8.61400e-04	AbsError: 3.37336e+10
      Equation: "ElectronContinuityEquation"	RelError: 4.30685e-04	AbsError: 1.68668e+10
      Equation: "HoleContinuityEquation"	RelError: 4.30690e-04	AbsError: 1.68668e+10
      Equation: "PotentialEquation"	RelError: 2.53859e-08	AbsError: 5.45130e-09
Iteration: 3
  Device: "d"	RelError: 1.25787e-10	AbsError: 6.01039e+02
    Region: "Si"	RelError: 1.25787e-10	AbsError: 6.01039e+02
      Equation: "ElectronContinuityEquation"	RelError: 6.29045e-11	AbsError: 3.00520e+02
      Equation: "HoleContinuityEquation"	RelError: 6.28823e-11	AbsError: 3.00519e+02
      Equation: "PotentialEquation"	RelError: 1.53432e-16	AbsError: 5.19231e-17
Iteration: 4
  Device: "d"	RelError: 4.50999e-24	AbsError: 2.28475e-08
    Region: "Si"	RelError: 4.50999e-24	AbsError: 2.28475e-08
      Equation: "ElectronContinuityEquation"	RelError: 2.05019e-24	AbsError: 1.18824e-08
      Equation: "HoleContinuityEquation"	RelError: 1.19630e-24	AbsError: 1.09650e-08
      Equation: "PotentialEquation"	RelError: 1.26350e-24	AbsError: 2.73276e-26
### SOLVE-END C+0.075
### SOLVE-BEGIN C+0.100
number of equations 12726
Iteration: 0
  Device: "d"	RelError: 1.53465e+00	AbsError: 5.87400e+15
    Region: "Si"	RelError: 1.53465e+00	AbsError: 5.87400e+15
      Equation: "ElectronContinuityEquation"	RelError: 4.88581e-01	AbsError: 2.93700e+15
      Equation: "HoleContinuityEquation"	RelError: 4.88568e-01	AbsError: 2.93700e+15
      Equation: "PotentialEquation"	RelError: 5.57503e-01	AbsError: 2.50000e-02
Iteration: 1
  Device: "d"	RelError: 4.99869e-01	AbsError: 1.98136e+14
    Region: "Si"	RelError: 4.99869e-01	AbsError: 1.98136e+14
      Equation: "ElectronContinuityEquation"	RelError: 2.49684e-01	AbsError: 9.90680e+13
      Equation: "HoleContinuityEquation"	RelError: 2.49672e-01	AbsError: 9.90680e+13
      Equation: "PotentialEquation"	RelError: 5.12932e-04	AbsError: 6.47944e-05
Iteration: 2
  Device: "d"	RelError: 8.84093e-04	AbsError: 3.61805e+10
    Region: "Si"	RelError: 8.84093e-04	AbsError: 3.61805e+10
      Equation: "ElectronContinuityEquation"	RelError: 4.42026e-04	AbsError: 1.80902e+10
      Equation: "HoleContinuityEquation"	RelError: 4.42030e-04	AbsError: 1.80902e+10
      Equation: "PotentialEquation"	RelError: 3.69293e-08	AbsError: 5.77603e-09
Iteration: 3
  Device: "d"	RelError: 1.36877e-10	AbsError: 6.48032e+02
    Region: "Si"	RelError: 1.36877e-10	AbsError: 6.48032e+02
      Equation: "ElectronContinuityEquation"	RelError: 6.84494e-11	AbsError: 3.24018e+02
      Equation: "HoleContinuityEquation"	RelError: 6.84271e-11	AbsError: 3.24014e+02
      Equation: "PotentialEquation"	RelError: 1.84782e-16	AbsError: 5.81083e-17
Iteration: 4
  Device: "d"	RelError: 5.44399e-24	AbsError: 3.22000e-08
    Region: "Si"	RelError: 5.44399e-24	AbsError: 3.22000e-08
      Equation: "ElectronContinuityEquation"	RelError: 1.25021e-24	AbsError: 1.68418e-08
      Equation: "HoleContinuityEquation"	RelError: 2.47472e-24	AbsError: 1.53582e-08
      Equation: "PotentialEquation"	RelError: 1.71905e-24	AbsError: 5.65183e-26
### SOLVE-END C+0.100
Replacing Edge Model x@n0 in region Si of material Si
Replacing Edge Model x@n1 in region Si of material Si
Replacing Edge Model node_index@n0 in region Si of material Si
Replacing Edge Model node_index@n1 in region Si of material Si
Physical group name Si has 0 Tetrahedra.
Physical group name Si has 8040 Triangles.
Physical group name Si has 12281 Lines.
Physical group name Si has 4242 Points.
Physical group name left has 0 Tetrahedra.
Physical group name left has 0 Triangles.
Physical group name left has 20 Lines.
Physical group name left has 21 Points.
Physical group name right has 0 Tetrahedra.
Physical group name right has 0 Triangles.
Physical group name right has 20 Lines.
Physical group name right has 21 Points.
Device d has 4242 coordinates with max index 4241
Region Si has 4242 nodes.
Contact left in region Si with 21 nodes
Contact right in region Si with 21 nodes
Creating Node Solution Potential
### SOLVE-BEGIN Arev
number of equations 4242
Iteration: 0
  Device: "d"	RelError: 1.00000e+00	AbsError: 1.37949e-01
    Region: "Si"	RelError: 1.00000e+00	AbsError: 1.37949e-01
      Equation: "PotentialEquation"	RelError: 1.00000e+00	AbsError: 1.37949e-01
Iteration: 1
  Device: "d"	RelError: 4.98626e-01	AbsError: 1.37193e-01
    Region: "Si"	RelError: 4.98626e-01	AbsError: 1.37193e-01
      Equation: "PotentialEquation"	RelError: 4.98626e-01	AbsError: 1.37193e-01
Iteration: 2
  Device: "d"	RelError: 3.14428e-01	AbsError: 1.25170e-01
    Region: "Si"	RelError: 3.14428e-01	AbsError: 1.25170e-01
      Equation: "PotentialEquation"	RelError: 3.14428e-01	AbsError: 1.25170e-01
Iteration: 3
  Device: "d"	RelError: 5.26493e-01	AbsError: 6.12227e-02
    Region: "Si"	RelError: 5.26493e-01	AbsError: 6.12227e-02
      Equation: "PotentialEquation"	RelError: 5.26493e-01	AbsError: 6.12227e-02
Iteration: 4
  Device: "d"	RelError: 8.37069e-01	AbsError: 5.01960e-02
    Region: "Si"	RelError: 8.37069e-01	AbsError: 5.01960e-02
      Equation: "PotentialEquation"	RelError: 8.37069e-01	AbsError: 5.01960e-02
Iteration: 5
  Device: "d"	RelError: 2.90437e-01	AbsError: 4.17220e-02
    Region: "Si"	RelError: 2.90437e-01	AbsError: 4.17220e-02
      Equation: "PotentialEquation"	RelError: 2.90437e-01	AbsError: 4.17220e-02
Iteration: 6
  Device: "d"	RelError: 8.18607e-02	AbsError: 3.16681e-02
    Region: "Si"	RelError: 8.18607e-02	AbsError: 3.16681e-02
      Equation: "PotentialEquation"	RelError: 8.18607e-02	AbsError: 3.16681e-02
Iteration: 7
  Device: "d"	RelError: 5.20424e-02	AbsError: 2.17306e-02
    Region: "Si"	RelError: 5.20424e-02	AbsError: 2.17306e-02
      Equation: "PotentialEquation"	RelError: 5.20424e-02	AbsError: 2.17306e-02
Iteration: 8
  Device: "d"	RelError: 2.46584e-02	AbsError: 1.02888e-02
    Region: "Si"	RelError: 2.46584e-02	AbsError: 1.02888e-02
      Equation: "PotentialEquation"	RelError: 2.46584e-02	AbsError: 1.02888e-02
Iteration: 9
  Device: "d"	RelError: 1.63403e-06	AbsError: 6.81804e-07
    Region: "Si"	RelError: 1.63403e-06	AbsError: 6.81804e-07
      Equation: "PotentialEquation"	RelError: 1.63403e-06	AbsError: 6.81804e-07
Iteration: 10
  Device: "d"	RelError: 8.20808e-12	AbsError: 3.42484e-12
    Region: "Si"	RelError: 8.20808e-12	AbsError: 3.42484e-12
      Equation: "PotentialEquation"	RelError: 8.20808e-12	AbsError: 3.42484e-12
### SOLVE-END Arev
Warning: Replacing equation with equation of the same name.
Region: Si, Equation: PotentialEquation, Variable: Potential
### SOLVE-BEGIN B0rev
number of equations 12726
Iteration: 0
  Device: "d"	RelError: 8.26601e-21	AbsError: 8.01727e-04
    Region: "Si"	RelError: 8.26601e-21	AbsError: 8.01727e-04
      Equation: "ElectronContinuityEquation"	RelError: 4.00865e-21	AbsError: 4.00865e-04
      Equation: "HoleContinuityEquation"	RelError: 4.00865e-21	AbsError: 4.00861e-04
      Equation: "PotentialEquation"	RelError: 2.48705e-22	AbsError: 1.03773e-22
### SOLVE-END B0rev
### SOLVE-BEGIN C-0.025
number of equations 12726
Iteration: 0
  Device: "d"	RelError: 2.13388e+01	AbsError: 5.57271e+15
    Region: "Si"	RelError: 2.13388e+01	AbsError: 5.57271e+15
      Equation: "ElectronContinuityEquation"	RelError: 1.03108e+01	AbsError: 2.78636e+15
      Equation: "HoleContinuityEquation"	RelError: 1.02825e+01	AbsError: 2.78636e+15
      Equation: "PotentialEquation"	RelError: 7.45426e-01	AbsError: 2.50000e-02
Iteration: 1
  Device: "d"	RelError: 1.56774e+00	AbsError: 1.72168e+14
    Region: "Si"	RelError: 1.56774e+00	AbsError: 1.72168e+14
      Equation: "ElectronContinuityEquation"	RelError: 7.83992e-01	AbsError: 8.60841e+13
      Equation: "HoleContinuityEquation"	RelError: 7.83523e-01	AbsError: 8.60841e+13
      Equation: "PotentialEquation"	RelError: 2.19516e-04	AbsError: 5.91023e-05
Iteration: 2
  Device: "d"	RelError: 1.77377e-03	AbsError: 2.97571e+10
    Region: "Si"	RelError: 1.77377e-03	AbsError: 2.97571e+10
      Equation: "ElectronContinuityEquation"	RelError: 8.86828e-04	AbsError: 1.48786e+10
      Equation: "HoleContinuityEquation"	RelError: 8.86926e-04	AbsError: 1.48786e+10
      Equation: "PotentialEquation"	RelError: 1.18161e-08	AbsError: 4.64780e-09
Iteration: 3
  Device: "d"	RelError: 2.58265e-10	AbsError: 4.63158e+02
    Region: "Si"	RelError: 2.58265e-10	AbsError: 4.63158e+02
      Equation: "ElectronContinuityEquation"	RelError: 1.29224e-10	AbsError: 2.31579e+02
      Equation: "HoleContinuityEquation"	RelError: 1.29041e-10	AbsError: 2.31579e+02
      Equation: "PotentialEquation"	RelError: 9.19156e-17	AbsError: 3.79575e-17
Iteration: 4
  Device: "d"	RelError: 5.37626e-24	AbsError: 9.31466e-13
    Region: "Si"	RelError: 5.37626e-24	AbsError: 9.31466e-13
      Equation: "ElectronContinuityEquation"	RelError: 1.14161e-24	AbsError: 2.15015e-13
      Equation: "HoleContinuityEquation"	RelError: 4.23440e-24	AbsError: 7.16451e-13
      Equation: "PotentialEquation"	RelError: 2.37649e-28	AbsError: 4.12469e-30
### SOLVE-END C-0.025
### SOLVE-BEGIN C-0.050
number of equations 12726
Iteration: 0
  Device: "d"	RelError: 1.77443e+01	AbsError: 5.50119e+15
    Region: "Si"	RelError: 1.77443e+01	AbsError: 5.50119e+15
      Equation: "ElectronContinuityEquation"	RelError: 7.41404e+00	AbsError: 2.75060e+15
      Equation: "HoleContinuityEquation"	RelError: 7.39289e+00	AbsError: 2.75060e+15
      Equation: "PotentialEquation"	RelError: 2.93740e+00	AbsError: 2.50000e-02
Iteration: 1
  Device: "d"	RelError: 1.43876e+00	AbsError: 1.67697e+14
    Region: "Si"	RelError: 1.43876e+00	AbsError: 1.67697e+14
      Equation: "ElectronContinuityEquation"	RelError: 7.19300e-01	AbsError: 8.38487e+13
      Equation: "HoleContinuityEquation"	RelError: 7.18636e-01	AbsError: 8.38487e+13
      Equation: "PotentialEquation"	RelError: 8.25556e-04	AbsError: 5.78258e-05
Iteration: 2
  Device: "d"	RelError: 1.73273e-03	AbsError: 2.84904e+10
    Region: "Si"	RelError: 1.73273e-03	AbsError: 2.84904e+10
      Equation: "ElectronContinuityEquation"	RelError: 8.66232e-04	AbsError: 1.42452e+10
      Equation: "HoleContinuityEquation"	RelError: 8.66461e-04	AbsError: 1.42452e+10
      Equation: "PotentialEquation"	RelError: 4.16172e-08	AbsError: 4.42863e-09
Iteration: 3
  Device: "d"	RelError: 1.78650e-10	AbsError: 4.44853e+02
    Region: "Si"	RelError: 1.78650e-10	AbsError: 4.44853e+02
      Equation: "ElectronContinuityEquation"	RelError: 8.94017e-11	AbsError: 2.22426e+02
      Equation: "HoleContinuityEquation"	RelError: 8.92487e-11	AbsError: 2.22426e+02
      Equation: "PotentialEquation"	RelError: 8.34188e-17	AbsError: 3.44176e-17
Iteration: 4
  Device: "d"	RelError: 7.21577e-25	AbsError: 1.34063e-12
    Region: "Si"	RelError: 7.21577e-25	AbsError: 1.34063e-12
      Equation: "ElectronContinuityEquation"	RelError: 1.67945e-25	AbsError: 6.53577e-13
      Equation: "HoleContinuityEquation"	RelError: 5.53528e-25	AbsError: 6.87050e-13
      Equation: "PotentialEquation"	RelError: 1.03646e-28	AbsError: 1.55026e-30
### SOLVE-END C-0.050
### SOLVE-BEGIN C-0.075
number of equations 12726
Iteration: 0
  Device: "d"	RelError: 1.24715e+01	AbsError: 5.40290e+15
    Region: "Si"	RelError: 1.24715e+01	AbsError: 5.40290e+15
      Equation: "ElectronContinuityEquation"	RelError: 5.48652e+00	AbsError: 2.70145e+15
      Equation: "HoleContinuityEquation"	RelError: 5.46906e+00	AbsError: 2.70145e+15
      Equation: "PotentialEquation"	RelError: 1.51597e+00	AbsError: 2.50000e-02
Iteration: 1
  Device: "d"	RelError: 1.29670e+00	AbsError: 1.61410e+14
    Region: "Si"	RelError: 1.29670e+00	AbsError: 1.61410e+14
      Equation: "ElectronContinuityEquation"	RelError: 6.48535e-01	AbsError: 8.07050e+13
      Equation: "HoleContinuityEquation"	RelError: 6.47758e-01	AbsError: 8.07050e+13
      Equation: "PotentialEquation"	RelError: 4.06464e-04	AbsError: 5.64913e-05
Iteration: 2
  Device: "d"	RelError: 1.67998e-03	AbsError: 2.68311e+10
    Region: "Si"	RelError: 1.67998e-03	AbsError: 2.68311e+10
      Equation: "ElectronContinuityEquation"	RelError: 8.39698e-04	AbsError: 1.34155e+10
      Equation: "HoleContinuityEquation"	RelError: 8.40259e-04	AbsError: 1.34155e+10
      Equation: "PotentialEquation"	RelError: 1.92250e-08	AbsError: 4.20142e-09
Iteration: 3
  Device: "d"	RelError: 1.30327e-10	AbsError: 4.08005e+02
    Region: "Si"	RelError: 1.30327e-10	AbsError: 4.08005e+02
      Equation: "ElectronContinuityEquation"	RelError: 6.50213e-11	AbsError: 2.04002e+02
      Equation: "HoleContinuityEquation"	RelError: 6.53052e-11	AbsError: 2.04002e+02
      Equation: "PotentialEquation"	RelError: 7.54845e-17	AbsError: 3.11142e-17
Iteration: 4
  Device: "d"	RelError: 6.05411e-25	AbsError: 1.20746e-12
    Region: "Si"	RelError: 6.05411e-25	AbsError: 1.20746e-12
      Equation: "ElectronContinuityEquation"	RelError: 2.99802e-25	AbsError: 6.27186e-13
      Equation: "HoleContinuityEquation"	RelError: 3.05486e-25	AbsError: 5.80269e-13
      Equation: "PotentialEquation"	RelError: 1.23132e-28	AbsError: 2.48806e-30
### SOLVE-END C-0.075
### SOLVE-BEGIN C-0.100
number of equations 12726
Iteration: 0
  Device: "d"	RelError: 9.10599e+00	AbsError: 5.33673e+15
    Region: "Si"	RelError: 9.10599e+00	AbsError: 5.33673e+15
      Equation: "ElectronContinuityEquation"	RelError: 4.25948e+00	AbsError: 2.66836e+15
      Equation: "HoleContinuityEquation"	RelError: 4.24394e+00	AbsError: 2.66836e+15
      Equation: "PotentialEquation"	RelError: 6.02568e-01	AbsError: 2.50000e-02
Iteration: 1
  Device: "d"	RelError: 1.16488e+00	AbsError: 1.57098e+14
    Region: "Si"	RelError: 1.16488e+00	AbsError: 1.57098e+14
      Equation: "ElectronContinuityEquation"	RelError: 5.82830e-01	AbsError: 7.85491e+13
      Equation: "HoleContinuityEquation"	RelError: 5.81792e-01	AbsError: 7.85491e+13
      Equation: "PotentialEquation"	RelError: 2.59428e-04	AbsError: 5.52548e-05
Iteration: 2
  Device: "d"	RelError: 1.60867e-03	AbsError: 2.59952e+10
    Region: "Si"	RelError: 1.60867e-03	AbsError: 2.59952e+10
      Equation: "ElectronContinuityEquation"	RelError: 8.03641e-04	AbsError: 1.29976e+10
      Equation: "HoleContinuityEquation"	RelError: 8.05017e-04	AbsError: 1.29976e+10
      Equation: "PotentialEquation"	RelError: 1.15324e-08	AbsError: 4.00369e-09
Iteration: 3
  Device: "d"	RelError: 9.83490e-11	AbsError: 3.70319e+02
    Region: "Si"	RelError: 9.83490e-11	AbsError: 3.70319e+02
      Equation: "ElectronContinuityEquation"	RelError: 4.88764e-11	AbsError: 1.85159e+02
      Equation: "HoleContinuityEquation"	RelError: 4.94725e-11	AbsError: 1.85159e+02
      Equation: "PotentialEquation"	RelError: 6.86455e-17	AbsError: 2.83318e-17
### SOLVE-END C-0.100
Replacing Edge Model x@n0 in region Si of material Si
Replacing Edge Model x@n1 in region Si of material Si
Replacing Edge Model node_index@n0 in region Si of material Si
Replacing Edge Model node_index@n1 in region Si of material Si

[worker_d3] wrote E2_M1_h0.005_P4_mirror.json error=False

[d3] E2_M1_h0.005_P4_mirror completed=True in 24.7 s

[d3] ===== E2_1D_h0.005_P0_orig =====
Searching DEVSIM_MATH_LIBS="mkl_rt.3.dll"
Loading "mkl_rt.3.dll": Intel MKL with PARDISO LOADED
R
 (region: Si)
 (contact: left)
 (contact: right)
Creating Node Solution Potential
### SOLVE-BEGIN A
number of equations 202
Iteration: 0
  Device: "d"	RelError: 1.00000e+00	AbsError: 1.37947e-01
    Region: "Si"	RelError: 1.00000e+00	AbsError: 1.37947e-01
      Equation: "PotentialEquation"	RelError: 1.00000e+00	AbsError: 1.37947e-01
Iteration: 1
  Device: "d"	RelError: 4.98626e-01	AbsError: 1.37191e-01
    Region: "Si"	RelError: 4.98626e-01	AbsError: 1.37191e-01
      Equation: "PotentialEquation"	RelError: 4.98626e-01	AbsError: 1.37191e-01
Iteration: 2
  Device: "d"	RelError: 3.14427e-01	AbsError: 1.25169e-01
    Region: "Si"	RelError: 3.14427e-01	AbsError: 1.25169e-01
      Equation: "PotentialEquation"	RelError: 3.14427e-01	AbsError: 1.25169e-01
Iteration: 3
  Device: "d"	RelError: 5.26469e-01	AbsError: 6.12167e-02
    Region: "Si"	RelError: 5.26469e-01	AbsError: 6.12167e-02
      Equation: "PotentialEquation"	RelError: 5.26469e-01	AbsError: 6.12167e-02
Iteration: 4
  Device: "d"	RelError: 8.37229e-01	AbsError: 5.01960e-02
    Region: "Si"	RelError: 8.37229e-01	AbsError: 5.01960e-02
      Equation: "PotentialEquation"	RelError: 8.37229e-01	AbsError: 5.01960e-02
Iteration: 5
  Device: "d"	RelError: 2.90291e-01	AbsError: 4.17220e-02
    Region: "Si"	RelError: 2.90291e-01	AbsError: 4.17220e-02
      Equation: "PotentialEquation"	RelError: 2.90291e-01	AbsError: 4.17220e-02
Iteration: 6
  Device: "d"	RelError: 8.18607e-02	AbsError: 3.16681e-02
    Region: "Si"	RelError: 8.18607e-02	AbsError: 3.16681e-02
      Equation: "PotentialEquation"	RelError: 8.18607e-02	AbsError: 3.16681e-02
Iteration: 7
  Device: "d"	RelError: 5.20227e-02	AbsError: 2.17236e-02
    Region: "Si"	RelError: 5.20227e-02	AbsError: 2.17236e-02
      Equation: "PotentialEquation"	RelError: 5.20227e-02	AbsError: 2.17236e-02
Iteration: 8
  Device: "d"	RelError: 2.46584e-02	AbsError: 1.02888e-02
    Region: "Si"	RelError: 2.46584e-02	AbsError: 1.02888e-02
      Equation: "PotentialEquation"	RelError: 2.46584e-02	AbsError: 1.02888e-02
Iteration: 9
  Device: "d"	RelError: 1.64718e-06	AbsError: 6.87291e-07
    Region: "Si"	RelError: 1.64718e-06	AbsError: 6.87291e-07
      Equation: "PotentialEquation"	RelError: 1.64718e-06	AbsError: 6.87291e-07
Iteration: 10
  Device: "d"	RelError: 8.50632e-12	AbsError: 3.54928e-12
    Region: "Si"	RelError: 8.50632e-12	AbsError: 3.54928e-12
      Equation: "PotentialEquation"	RelError: 8.50632e-12	AbsError: 3.54928e-12
### SOLVE-END A
Warning: Replacing equation with equation of the same name.
Region: Si, Equation: PotentialEquation, Variable: Potential
### SOLVE-BEGIN B0
number of equations 606
Iteration: 0
  Device: "d"	RelError: 1.24017e-14	AbsError: 1.00800e+03
    Region: "Si"	RelError: 1.24017e-14	AbsError: 1.00800e+03
      Equation: "ElectronContinuityEquation"	RelError: 6.24444e-15	AbsError: 4.96000e+02
      Equation: "HoleContinuityEquation"	RelError: 5.83893e-15	AbsError: 5.12000e+02
      Equation: "PotentialEquation"	RelError: 3.18357e-16	AbsError: 1.24772e-16
### SOLVE-END B0
### SOLVE-BEGIN C+0.025
number of equations 606
Iteration: 0
  Device: "d"	RelError: 1.80201e+00	AbsError: 5.56112e+15
    Region: "Si"	RelError: 1.80201e+00	AbsError: 5.56112e+15
      Equation: "ElectronContinuityEquation"	RelError: 4.76807e-01	AbsError: 2.78056e+15
      Equation: "HoleContinuityEquation"	RelError: 4.76752e-01	AbsError: 2.78056e+15
      Equation: "PotentialEquation"	RelError: 8.48449e-01	AbsError: 2.50000e-02
Iteration: 1
  Device: "d"	RelError: 4.84109e-01	AbsError: 1.73903e+14
    Region: "Si"	RelError: 4.84109e-01	AbsError: 1.73903e+14
      Equation: "ElectronContinuityEquation"	RelError: 2.41956e-01	AbsError: 8.69517e+13
      Equation: "HoleContinuityEquation"	RelError: 2.41913e-01	AbsError: 8.69517e+13
      Equation: "PotentialEquation"	RelError: 2.40010e-04	AbsError: 6.01360e-05
Iteration: 2
  Device: "d"	RelError: 8.20464e-04	AbsError: 3.07201e+10
    Region: "Si"	RelError: 8.20464e-04	AbsError: 3.07201e+10
      Equation: "ElectronContinuityEquation"	RelError: 4.10222e-04	AbsError: 1.53601e+10
      Equation: "HoleContinuityEquation"	RelError: 4.10229e-04	AbsError: 1.53601e+10
      Equation: "PotentialEquation"	RelError: 1.34982e-08	AbsError: 4.77298e-09
Iteration: 3
  Device: "d"	RelError: 1.02661e-10	AbsError: 4.12743e+02
    Region: "Si"	RelError: 1.02661e-10	AbsError: 4.12743e+02
      Equation: "ElectronContinuityEquation"	RelError: 5.13256e-11	AbsError: 2.05347e+02
      Equation: "HoleContinuityEquation"	RelError: 5.13334e-11	AbsError: 2.07396e+02
      Equation: "PotentialEquation"	RelError: 1.98444e-15	AbsError: 6.85013e-17
Iteration: 4
  Device: "d"	RelError: 5.97185e-15	AbsError: 2.03169e+01
    Region: "Si"	RelError: 5.97185e-15	AbsError: 2.03169e+01
      Equation: "ElectronContinuityEquation"	RelError: 1.15625e-15	AbsError: 1.03932e+01
      Equation: "HoleContinuityEquation"	RelError: 3.53521e-15	AbsError: 9.92372e+00
      Equation: "PotentialEquation"	RelError: 1.28039e-15	AbsError: 4.94455e-17
### SOLVE-END C+0.025
### SOLVE-BEGIN C+0.050
number of equations 606
Iteration: 0
  Device: "d"	RelError: 6.59415e+00	AbsError: 5.67720e+15
    Region: "Si"	RelError: 6.59415e+00	AbsError: 5.67720e+15
      Equation: "ElectronContinuityEquation"	RelError: 4.82843e-01	AbsError: 2.83860e+15
      Equation: "HoleContinuityEquation"	RelError: 4.82807e-01	AbsError: 2.83860e+15
      Equation: "PotentialEquation"	RelError: 5.62849e+00	AbsError: 2.50000e-02
Iteration: 1
  Device: "d"	RelError: 4.94072e-01	AbsError: 1.79786e+14
    Region: "Si"	RelError: 4.94072e-01	AbsError: 1.79786e+14
      Equation: "ElectronContinuityEquation"	RelError: 2.46212e-01	AbsError: 8.98932e+13
      Equation: "HoleContinuityEquation"	RelError: 2.46186e-01	AbsError: 8.98932e+13
      Equation: "PotentialEquation"	RelError: 1.67405e-03	AbsError: 6.16526e-05
Iteration: 2
  Device: "d"	RelError: 8.41114e-04	AbsError: 3.26085e+10
    Region: "Si"	RelError: 8.41114e-04	AbsError: 3.26085e+10
      Equation: "ElectronContinuityEquation"	RelError: 4.20504e-04	AbsError: 1.63043e+10
      Equation: "HoleContinuityEquation"	RelError: 4.20509e-04	AbsError: 1.63043e+10
      Equation: "PotentialEquation"	RelError: 1.01023e-07	AbsError: 5.05737e-09
Iteration: 3
  Device: "d"	RelError: 1.13413e-10	AbsError: 5.17466e+02
    Region: "Si"	RelError: 1.13413e-10	AbsError: 5.17466e+02
      Equation: "ElectronContinuityEquation"	RelError: 5.67163e-11	AbsError: 2.58568e+02
      Equation: "HoleContinuityEquation"	RelError: 5.66958e-11	AbsError: 2.58898e+02
      Equation: "PotentialEquation"	RelError: 8.88874e-16	AbsError: 7.45486e-17
Iteration: 4
  Device: "d"	RelError: 8.78806e-15	AbsError: 2.24307e+01
    Region: "Si"	RelError: 8.78806e-15	AbsError: 2.24307e+01
      Equation: "ElectronContinuityEquation"	RelError: 2.28082e-15	AbsError: 1.25876e+01
      Equation: "HoleContinuityEquation"	RelError: 2.33951e-15	AbsError: 9.84311e+00
      Equation: "PotentialEquation"	RelError: 4.16773e-15	AbsError: 3.71422e-17
### SOLVE-END C+0.050
Replacing Edge Model x@n0 in region Si of material Si
Replacing Edge Model x@n1 in region Si of material Si
Replacing Edge Model node_index@n0 in region Si of material Si
Replacing Edge Model node_index@n1 in region Si of material Si
### SOLVE-BEGIN C+0.075
number of equations 606
Iteration: 0
  Device: "d"	RelError: 2.18851e+00	AbsError: 5.76417e+15
    Region: "Si"	RelError: 2.18851e+00	AbsError: 5.76417e+15
      Equation: "ElectronContinuityEquation"	RelError: 4.86536e-01	AbsError: 2.88209e+15
      Equation: "HoleContinuityEquation"	RelError: 4.86514e-01	AbsError: 2.88209e+15
      Equation: "PotentialEquation"	RelError: 1.21546e+00	AbsError: 2.50000e-02
Iteration: 1
  Device: "d"	RelError: 4.97407e-01	AbsError: 1.89914e+14
    Region: "Si"	RelError: 4.97407e-01	AbsError: 1.89914e+14
      Equation: "ElectronContinuityEquation"	RelError: 2.48522e-01	AbsError: 9.49570e+13
      Equation: "HoleContinuityEquation"	RelError: 2.48506e-01	AbsError: 9.49570e+13
      Equation: "PotentialEquation"	RelError: 3.79390e-04	AbsError: 6.31014e-05
Iteration: 2
  Device: "d"	RelError: 8.60336e-04	AbsError: 3.37519e+10
    Region: "Si"	RelError: 8.60336e-04	AbsError: 3.37519e+10
      Equation: "ElectronContinuityEquation"	RelError: 4.30153e-04	AbsError: 1.68759e+10
      Equation: "HoleContinuityEquation"	RelError: 4.30159e-04	AbsError: 1.68759e+10
      Equation: "PotentialEquation"	RelError: 2.46214e-08	AbsError: 5.38895e-09
Iteration: 3
  Device: "d"	RelError: 1.24361e-10	AbsError: 6.09519e+02
    Region: "Si"	RelError: 1.24361e-10	AbsError: 6.09519e+02
      Equation: "ElectronContinuityEquation"	RelError: 6.21915e-11	AbsError: 3.19416e+02
      Equation: "HoleContinuityEquation"	RelError: 6.21675e-11	AbsError: 2.90104e+02
      Equation: "PotentialEquation"	RelError: 2.28533e-15	AbsError: 6.97629e-17
Iteration: 4
  Device: "d"	RelError: 5.31996e-15	AbsError: 3.43242e+01
    Region: "Si"	RelError: 5.31996e-15	AbsError: 3.43242e+01
      Equation: "ElectronContinuityEquation"	RelError: 2.76308e-15	AbsError: 1.52517e+01
      Equation: "HoleContinuityEquation"	RelError: 1.98410e-15	AbsError: 1.90725e+01
      Equation: "PotentialEquation"	RelError: 5.72768e-16	AbsError: 4.51016e-17
### SOLVE-END C+0.075
### SOLVE-BEGIN C+0.100
number of equations 606
Iteration: 0
  Device: "d"	RelError: 1.53428e+00	AbsError: 5.82076e+15
    Region: "Si"	RelError: 1.53428e+00	AbsError: 5.82076e+15
      Equation: "ElectronContinuityEquation"	RelError: 4.88575e-01	AbsError: 2.91038e+15
      Equation: "HoleContinuityEquation"	RelError: 4.88562e-01	AbsError: 2.91038e+15
      Equation: "PotentialEquation"	RelError: 5.57138e-01	AbsError: 2.50000e-02
Iteration: 1
  Device: "d"	RelError: 4.99867e-01	AbsError: 1.98115e+14
    Region: "Si"	RelError: 4.99867e-01	AbsError: 1.98115e+14
      Equation: "ElectronContinuityEquation"	RelError: 2.49682e-01	AbsError: 9.90573e+13
      Equation: "HoleContinuityEquation"	RelError: 2.49672e-01	AbsError: 9.90573e+13
      Equation: "PotentialEquation"	RelError: 5.12602e-04	AbsError: 6.44620e-05
Iteration: 2
  Device: "d"	RelError: 8.78089e-04	AbsError: 3.41868e+10
    Region: "Si"	RelError: 8.78089e-04	AbsError: 3.41868e+10
      Equation: "ElectronContinuityEquation"	RelError: 4.39023e-04	AbsError: 1.70934e+10
      Equation: "HoleContinuityEquation"	RelError: 4.39030e-04	AbsError: 1.70934e+10
      Equation: "PotentialEquation"	RelError: 3.58350e-08	AbsError: 5.71263e-09
Iteration: 3
  Device: "d"	RelError: 1.35285e-10	AbsError: 6.71637e+02
    Region: "Si"	RelError: 1.35285e-10	AbsError: 6.71637e+02
      Equation: "ElectronContinuityEquation"	RelError: 6.76545e-11	AbsError: 3.22564e+02
      Equation: "HoleContinuityEquation"	RelError: 6.76301e-11	AbsError: 3.49073e+02
      Equation: "PotentialEquation"	RelError: 2.42675e-16	AbsError: 7.58181e-17
Iteration: 4
  Device: "d"	RelError: 5.19534e-15	AbsError: 2.89945e+01
    Region: "Si"	RelError: 5.19534e-15	AbsError: 2.89945e+01
      Equation: "ElectronContinuityEquation"	RelError: 1.84640e-15	AbsError: 1.21505e+01
      Equation: "HoleContinuityEquation"	RelError: 3.13511e-15	AbsError: 1.68440e+01
      Equation: "PotentialEquation"	RelError: 2.13827e-16	AbsError: 3.13829e-17
### SOLVE-END C+0.100
Replacing Edge Model x@n0 in region Si of material Si
Replacing Edge Model x@n1 in region Si of material Si
Replacing Edge Model node_index@n0 in region Si of material Si
Replacing Edge Model node_index@n1 in region Si of material Si
R
 (region: Si)
 (contact: left)
 (contact: right)
Creating Node Solution Potential
### SOLVE-BEGIN Arev
number of equations 202
Iteration: 0
  Device: "d"	RelError: 1.00000e+00	AbsError: 1.37947e-01
    Region: "Si"	RelError: 1.00000e+00	AbsError: 1.37947e-01
      Equation: "PotentialEquation"	RelError: 1.00000e+00	AbsError: 1.37947e-01
Iteration: 1
  Device: "d"	RelError: 4.98626e-01	AbsError: 1.37191e-01
    Region: "Si"	RelError: 4.98626e-01	AbsError: 1.37191e-01
      Equation: "PotentialEquation"	RelError: 4.98626e-01	AbsError: 1.37191e-01
Iteration: 2
  Device: "d"	RelError: 3.14427e-01	AbsError: 1.25169e-01
    Region: "Si"	RelError: 3.14427e-01	AbsError: 1.25169e-01
      Equation: "PotentialEquation"	RelError: 3.14427e-01	AbsError: 1.25169e-01
Iteration: 3
  Device: "d"	RelError: 5.26469e-01	AbsError: 6.12167e-02
    Region: "Si"	RelError: 5.26469e-01	AbsError: 6.12167e-02
      Equation: "PotentialEquation"	RelError: 5.26469e-01	AbsError: 6.12167e-02
Iteration: 4
  Device: "d"	RelError: 8.37229e-01	AbsError: 5.01960e-02
    Region: "Si"	RelError: 8.37229e-01	AbsError: 5.01960e-02
      Equation: "PotentialEquation"	RelError: 8.37229e-01	AbsError: 5.01960e-02
Iteration: 5
  Device: "d"	RelError: 2.90291e-01	AbsError: 4.17220e-02
    Region: "Si"	RelError: 2.90291e-01	AbsError: 4.17220e-02
      Equation: "PotentialEquation"	RelError: 2.90291e-01	AbsError: 4.17220e-02
Iteration: 6
  Device: "d"	RelError: 8.18607e-02	AbsError: 3.16681e-02
    Region: "Si"	RelError: 8.18607e-02	AbsError: 3.16681e-02
      Equation: "PotentialEquation"	RelError: 8.18607e-02	AbsError: 3.16681e-02
Iteration: 7
  Device: "d"	RelError: 5.20227e-02	AbsError: 2.17236e-02
    Region: "Si"	RelError: 5.20227e-02	AbsError: 2.17236e-02
      Equation: "PotentialEquation"	RelError: 5.20227e-02	AbsError: 2.17236e-02
Iteration: 8
  Device: "d"	RelError: 2.46584e-02	AbsError: 1.02888e-02
    Region: "Si"	RelError: 2.46584e-02	AbsError: 1.02888e-02
      Equation: "PotentialEquation"	RelError: 2.46584e-02	AbsError: 1.02888e-02
Iteration: 9
  Device: "d"	RelError: 1.64718e-06	AbsError: 6.87291e-07
    Region: "Si"	RelError: 1.64718e-06	AbsError: 6.87291e-07
      Equation: "PotentialEquation"	RelError: 1.64718e-06	AbsError: 6.87291e-07
Iteration: 10
  Device: "d"	RelError: 8.50632e-12	AbsError: 3.54928e-12
    Region: "Si"	RelError: 8.50632e-12	AbsError: 3.54928e-12
      Equation: "PotentialEquation"	RelError: 8.50632e-12	AbsError: 3.54928e-12
### SOLVE-END Arev
Warning: Replacing equation with equation of the same name.
Region: Si, Equation: PotentialEquation, Variable: Potential
### SOLVE-BEGIN B0rev
number of equations 606
Iteration: 0
  Device: "d"	RelError: 1.24017e-14	AbsError: 1.00800e+03
    Region: "Si"	RelError: 1.24017e-14	AbsError: 1.00800e+03
      Equation: "ElectronContinuityEquation"	RelError: 6.24444e-15	AbsError: 4.96000e+02
      Equation: "HoleContinuityEquation"	RelError: 5.83893e-15	AbsError: 5.12000e+02
      Equation: "PotentialEquation"	RelError: 3.18357e-16	AbsError: 1.24772e-16
### SOLVE-END B0rev
### SOLVE-BEGIN C-0.025
number of equations 606
Iteration: 0
  Device: "d"	RelError: 2.12779e+01	AbsError: 5.56112e+15
    Region: "Si"	RelError: 2.12779e+01	AbsError: 5.56112e+15
      Equation: "ElectronContinuityEquation"	RelError: 1.02789e+01	AbsError: 2.78056e+15
      Equation: "HoleContinuityEquation"	RelError: 1.02537e+01	AbsError: 2.78056e+15
      Equation: "PotentialEquation"	RelError: 7.45318e-01	AbsError: 2.50000e-02
Iteration: 1
  Device: "d"	RelError: 1.56622e+00	AbsError: 1.72123e+14
    Region: "Si"	RelError: 1.56622e+00	AbsError: 1.72123e+14
      Equation: "ElectronContinuityEquation"	RelError: 7.83261e-01	AbsError: 8.60615e+13
      Equation: "HoleContinuityEquation"	RelError: 7.82743e-01	AbsError: 8.60615e+13
      Equation: "PotentialEquation"	RelError: 2.19485e-04	AbsError: 5.90969e-05
Iteration: 2
  Device: "d"	RelError: 1.76882e-03	AbsError: 2.87833e+10
    Region: "Si"	RelError: 1.76882e-03	AbsError: 2.87833e+10
      Equation: "ElectronContinuityEquation"	RelError: 8.84351e-04	AbsError: 1.43916e+10
      Equation: "HoleContinuityEquation"	RelError: 8.84455e-04	AbsError: 1.43916e+10
      Equation: "PotentialEquation"	RelError: 1.13993e-08	AbsError: 4.59635e-09
Iteration: 3
  Device: "d"	RelError: 2.54869e-10	AbsError: 4.52744e+02
    Region: "Si"	RelError: 2.54869e-10	AbsError: 4.52744e+02
      Equation: "ElectronContinuityEquation"	RelError: 1.27531e-10	AbsError: 2.36673e+02
      Equation: "HoleContinuityEquation"	RelError: 1.27338e-10	AbsError: 2.16071e+02
      Equation: "PotentialEquation"	RelError: 4.78187e-16	AbsError: 6.72269e-17
Iteration: 4
  Device: "d"	RelError: 3.52958e-15	AbsError: 3.44476e+01
    Region: "Si"	RelError: 3.52958e-15	AbsError: 3.44476e+01
      Equation: "ElectronContinuityEquation"	RelError: 9.84185e-16	AbsError: 1.73983e+01
      Equation: "HoleContinuityEquation"	RelError: 2.27143e-15	AbsError: 1.70493e+01
      Equation: "PotentialEquation"	RelError: 2.73959e-16	AbsError: 3.12021e-17
### SOLVE-END C-0.025
### SOLVE-BEGIN C-0.050
number of equations 606
Iteration: 0
  Device: "d"	RelError: 1.76945e+01	AbsError: 5.42086e+15
    Region: "Si"	RelError: 1.76945e+01	AbsError: 5.42086e+15
      Equation: "ElectronContinuityEquation"	RelError: 7.39146e+00	AbsError: 2.71043e+15
      Equation: "HoleContinuityEquation"	RelError: 7.36734e+00	AbsError: 2.71043e+15
      Equation: "PotentialEquation"	RelError: 2.93573e+00	AbsError: 2.50000e-02
Iteration: 1
  Device: "d"	RelError: 1.43906e+00	AbsError: 1.67685e+14
    Region: "Si"	RelError: 1.43906e+00	AbsError: 1.67685e+14
      Equation: "ElectronContinuityEquation"	RelError: 7.19452e-01	AbsError: 8.38424e+13
      Equation: "HoleContinuityEquation"	RelError: 7.18788e-01	AbsError: 8.38424e+13
      Equation: "PotentialEquation"	RelError: 8.25090e-04	AbsError: 5.75089e-05
Iteration: 2
  Device: "d"	RelError: 1.71726e-03	AbsError: 2.71435e+10
    Region: "Si"	RelError: 1.71726e-03	AbsError: 2.71435e+10
      Equation: "ElectronContinuityEquation"	RelError: 8.58484e-04	AbsError: 1.35718e+10
      Equation: "HoleContinuityEquation"	RelError: 8.58735e-04	AbsError: 1.35718e+10
      Equation: "PotentialEquation"	RelError: 4.00905e-08	AbsError: 4.37865e-09
Iteration: 3
  Device: "d"	RelError: 1.76428e-10	AbsError: 4.55693e+02
    Region: "Si"	RelError: 1.76428e-10	AbsError: 4.55693e+02
      Equation: "ElectronContinuityEquation"	RelError: 8.82897e-11	AbsError: 2.34310e+02
      Equation: "HoleContinuityEquation"	RelError: 8.81363e-11	AbsError: 2.21383e+02
      Equation: "PotentialEquation"	RelError: 1.67343e-15	AbsError: 4.87851e-17
Iteration: 4
  Device: "d"	RelError: 4.46903e-15	AbsError: 2.90474e+01
    Region: "Si"	RelError: 4.46903e-15	AbsError: 2.90474e+01
      Equation: "ElectronContinuityEquation"	RelError: 1.78433e-15	AbsError: 1.42429e+01
      Equation: "HoleContinuityEquation"	RelError: 1.95317e-15	AbsError: 1.48045e+01
      Equation: "PotentialEquation"	RelError: 7.31524e-16	AbsError: 3.22708e-17
### SOLVE-END C-0.050
### SOLVE-BEGIN C-0.075
number of equations 606
Iteration: 0
  Device: "d"	RelError: 1.24788e+01	AbsError: 5.39050e+15
    Region: "Si"	RelError: 1.24788e+01	AbsError: 5.39050e+15
      Equation: "ElectronContinuityEquation"	RelError: 5.49037e+00	AbsError: 2.69525e+15
      Equation: "HoleContinuityEquation"	RelError: 5.47290e+00	AbsError: 2.69525e+15
      Equation: "PotentialEquation"	RelError: 1.51552e+00	AbsError: 2.50000e-02
Iteration: 1
  Device: "d"	RelError: 1.29699e+00	AbsError: 1.61425e+14
    Region: "Si"	RelError: 1.29699e+00	AbsError: 1.61425e+14
      Equation: "ElectronContinuityEquation"	RelError: 6.48656e-01	AbsError: 8.07126e+13
      Equation: "HoleContinuityEquation"	RelError: 6.47928e-01	AbsError: 8.07126e+13
      Equation: "PotentialEquation"	RelError: 4.06347e-04	AbsError: 5.63800e-05
Iteration: 2
  Device: "d"	RelError: 1.65936e-03	AbsError: 2.68457e+10
    Region: "Si"	RelError: 1.65936e-03	AbsError: 2.68457e+10
      Equation: "ElectronContinuityEquation"	RelError: 8.29361e-04	AbsError: 1.34228e+10
      Equation: "HoleContinuityEquation"	RelError: 8.29981e-04	AbsError: 1.34228e+10
      Equation: "PotentialEquation"	RelError: 1.85057e-08	AbsError: 4.15201e-09
Iteration: 3
  Device: "d"	RelError: 1.27872e-10	AbsError: 4.02677e+02
    Region: "Si"	RelError: 1.27872e-10	AbsError: 4.02677e+02
      Equation: "ElectronContinuityEquation"	RelError: 6.37839e-11	AbsError: 1.95839e+02
      Equation: "HoleContinuityEquation"	RelError: 6.40867e-11	AbsError: 2.06839e+02
      Equation: "PotentialEquation"	RelError: 1.14736e-15	AbsError: 5.07093e-17
Iteration: 4
  Device: "d"	RelError: 6.43078e-15	AbsError: 2.52558e+01
    Region: "Si"	RelError: 6.43078e-15	AbsError: 2.52558e+01
      Equation: "ElectronContinuityEquation"	RelError: 2.08866e-15	AbsError: 9.13075e+00
      Equation: "HoleContinuityEquation"	RelError: 3.34205e-15	AbsError: 1.61251e+01
      Equation: "PotentialEquation"	RelError: 1.00008e-15	AbsError: 3.41679e-17
### SOLVE-END C-0.075
### SOLVE-BEGIN C-0.100
number of equations 606
Iteration: 0
  Device: "d"	RelError: 9.10644e+00	AbsError: 5.33490e+15
    Region: "Si"	RelError: 9.10644e+00	AbsError: 5.33490e+15
      Equation: "ElectronContinuityEquation"	RelError: 4.26109e+00	AbsError: 2.66745e+15
      Equation: "HoleContinuityEquation"	RelError: 4.24285e+00	AbsError: 2.66745e+15
      Equation: "PotentialEquation"	RelError: 6.02498e-01	AbsError: 2.50000e-02
Iteration: 1
  Device: "d"	RelError: 1.16520e+00	AbsError: 1.53691e+14
    Region: "Si"	RelError: 1.16520e+00	AbsError: 1.53691e+14
      Equation: "ElectronContinuityEquation"	RelError: 5.82987e-01	AbsError: 7.68454e+13
      Equation: "HoleContinuityEquation"	RelError: 5.81950e-01	AbsError: 7.68454e+13
      Equation: "PotentialEquation"	RelError: 2.59310e-04	AbsError: 5.52951e-05
Iteration: 2
  Device: "d"	RelError: 1.59166e-03	AbsError: 2.60028e+10
    Region: "Si"	RelError: 1.59166e-03	AbsError: 2.60028e+10
      Equation: "ElectronContinuityEquation"	RelError: 7.95063e-04	AbsError: 1.30014e+10
      Equation: "HoleContinuityEquation"	RelError: 7.96584e-04	AbsError: 1.30014e+10
      Equation: "PotentialEquation"	RelError: 1.10874e-08	AbsError: 3.91837e-09
Iteration: 3
  Device: "d"	RelError: 9.65509e-11	AbsError: 3.42979e+02
    Region: "Si"	RelError: 9.65509e-11	AbsError: 3.42979e+02
      Equation: "ElectronContinuityEquation"	RelError: 4.79842e-11	AbsError: 1.70843e+02
      Equation: "HoleContinuityEquation"	RelError: 4.85660e-11	AbsError: 1.72135e+02
      Equation: "PotentialEquation"	RelError: 6.57361e-16	AbsError: 7.13282e-17
### SOLVE-END C-0.100
Replacing Edge Model x@n0 in region Si of material Si
Replacing Edge Model x@n1 in region Si of material Si
Replacing Edge Model node_index@n0 in region Si of material Si
Replacing Edge Model node_index@n1 in region Si of material Si

[worker_d3] wrote E2_1D_h0.005_P0_orig.json error=False

[d3] E2_1D_h0.005_P0_orig completed=True in 0.7 s

[d3] ===== E2_M1_h0.005_P0_orig =====
Searching DEVSIM_MATH_LIBS="mkl_rt.3.dll"
Loading "mkl_rt.3.dll": Intel MKL with PARDISO LOADED
Physical group name Si has 0 Tetrahedra.
Physical group name Si has 8040 Triangles.
Physical group name Si has 12281 Lines.
Physical group name Si has 4242 Points.
Physical group name left has 0 Tetrahedra.
Physical group name left has 0 Triangles.
Physical group name left has 20 Lines.
Physical group name left has 21 Points.
Physical group name right has 0 Tetrahedra.
Physical group name right has 0 Triangles.
Physical group name right has 20 Lines.
Physical group name right has 21 Points.
Device d has 4242 coordinates with max index 4241
Region Si has 4242 nodes.
Contact left in region Si with 21 nodes
Contact right in region Si with 21 nodes
Creating Node Solution Potential
### SOLVE-BEGIN A
number of equations 4242
Iteration: 0
  Device: "d"	RelError: 1.00000e+00	AbsError: 1.37949e-01
    Region: "Si"	RelError: 1.00000e+00	AbsError: 1.37949e-01
      Equation: "PotentialEquation"	RelError: 1.00000e+00	AbsError: 1.37949e-01
Iteration: 1
  Device: "d"	RelError: 4.98626e-01	AbsError: 1.37193e-01
    Region: "Si"	RelError: 4.98626e-01	AbsError: 1.37193e-01
      Equation: "PotentialEquation"	RelError: 4.98626e-01	AbsError: 1.37193e-01
Iteration: 2
  Device: "d"	RelError: 3.14428e-01	AbsError: 1.25170e-01
    Region: "Si"	RelError: 3.14428e-01	AbsError: 1.25170e-01
      Equation: "PotentialEquation"	RelError: 3.14428e-01	AbsError: 1.25170e-01
Iteration: 3
  Device: "d"	RelError: 5.26493e-01	AbsError: 6.12227e-02
    Region: "Si"	RelError: 5.26493e-01	AbsError: 6.12227e-02
      Equation: "PotentialEquation"	RelError: 5.26493e-01	AbsError: 6.12227e-02
Iteration: 4
  Device: "d"	RelError: 8.37069e-01	AbsError: 5.01960e-02
    Region: "Si"	RelError: 8.37069e-01	AbsError: 5.01960e-02
      Equation: "PotentialEquation"	RelError: 8.37069e-01	AbsError: 5.01960e-02
Iteration: 5
  Device: "d"	RelError: 2.90437e-01	AbsError: 4.17220e-02
    Region: "Si"	RelError: 2.90437e-01	AbsError: 4.17220e-02
      Equation: "PotentialEquation"	RelError: 2.90437e-01	AbsError: 4.17220e-02
Iteration: 6
  Device: "d"	RelError: 8.18607e-02	AbsError: 3.16681e-02
    Region: "Si"	RelError: 8.18607e-02	AbsError: 3.16681e-02
      Equation: "PotentialEquation"	RelError: 8.18607e-02	AbsError: 3.16681e-02
Iteration: 7
  Device: "d"	RelError: 5.20424e-02	AbsError: 2.17306e-02
    Region: "Si"	RelError: 5.20424e-02	AbsError: 2.17306e-02
      Equation: "PotentialEquation"	RelError: 5.20424e-02	AbsError: 2.17306e-02
Iteration: 8
  Device: "d"	RelError: 2.46584e-02	AbsError: 1.02888e-02
    Region: "Si"	RelError: 2.46584e-02	AbsError: 1.02888e-02
      Equation: "PotentialEquation"	RelError: 2.46584e-02	AbsError: 1.02888e-02
Iteration: 9
  Device: "d"	RelError: 1.63403e-06	AbsError: 6.81804e-07
    Region: "Si"	RelError: 1.63403e-06	AbsError: 6.81804e-07
      Equation: "PotentialEquation"	RelError: 1.63403e-06	AbsError: 6.81804e-07
Iteration: 10
  Device: "d"	RelError: 8.20811e-12	AbsError: 3.42485e-12
    Region: "Si"	RelError: 8.20811e-12	AbsError: 3.42485e-12
      Equation: "PotentialEquation"	RelError: 8.20811e-12	AbsError: 3.42485e-12
### SOLVE-END A
Warning: Replacing equation with equation of the same name.
Region: Si, Equation: PotentialEquation, Variable: Potential
### SOLVE-BEGIN B0
number of equations 12726
Iteration: 0
  Device: "d"	RelError: 2.00568e-14	AbsError: 1.09714e+03
    Region: "Si"	RelError: 2.00568e-14	AbsError: 1.09714e+03
      Equation: "ElectronContinuityEquation"	RelError: 9.27995e-15	AbsError: 5.40568e+02
      Equation: "HoleContinuityEquation"	RelError: 9.80373e-15	AbsError: 5.56568e+02
      Equation: "PotentialEquation"	RelError: 9.73144e-16	AbsError: 1.34040e-16
### SOLVE-END B0
### SOLVE-BEGIN C+0.025
number of equations 12726
Iteration: 0
  Device: "d"	RelError: 1.80227e+00	AbsError: 5.57271e+15
    Region: "Si"	RelError: 1.80227e+00	AbsError: 5.57271e+15
      Equation: "ElectronContinuityEquation"	RelError: 4.76875e-01	AbsError: 2.78636e+15
      Equation: "HoleContinuityEquation"	RelError: 4.76814e-01	AbsError: 2.78636e+15
      Equation: "PotentialEquation"	RelError: 8.48578e-01	AbsError: 2.50000e-02
Iteration: 1
  Device: "d"	RelError: 4.84100e-01	AbsError: 1.77067e+14
    Region: "Si"	RelError: 4.84100e-01	AbsError: 1.77067e+14
      Equation: "ElectronContinuityEquation"	RelError: 2.41952e-01	AbsError: 8.85335e+13
      Equation: "HoleContinuityEquation"	RelError: 2.41909e-01	AbsError: 8.85335e+13
      Equation: "PotentialEquation"	RelError: 2.40046e-04	AbsError: 6.00910e-05
Iteration: 2
  Device: "d"	RelError: 8.21512e-04	AbsError: 3.07195e+10
    Region: "Si"	RelError: 8.21512e-04	AbsError: 3.07195e+10
      Equation: "ElectronContinuityEquation"	RelError: 4.10745e-04	AbsError: 1.53598e+10
      Equation: "HoleContinuityEquation"	RelError: 4.10753e-04	AbsError: 1.53598e+10
      Equation: "PotentialEquation"	RelError: 1.39439e-08	AbsError: 4.88028e-09
Iteration: 3
  Device: "d"	RelError: 1.05121e-10	AbsError: 5.26093e+02
    Region: "Si"	RelError: 1.05121e-10	AbsError: 5.26093e+02
      Equation: "ElectronContinuityEquation"	RelError: 5.25571e-11	AbsError: 2.67109e+02
      Equation: "HoleContinuityEquation"	RelError: 5.25613e-11	AbsError: 2.58983e+02
      Equation: "PotentialEquation"	RelError: 2.38646e-15	AbsError: 7.98341e-17
Iteration: 4
  Device: "d"	RelError: 3.96911e-15	AbsError: 2.86114e+01
    Region: "Si"	RelError: 3.96911e-15	AbsError: 2.86114e+01
      Equation: "ElectronContinuityEquation"	RelError: 2.59325e-15	AbsError: 1.22858e+01
      Equation: "HoleContinuityEquation"	RelError: 9.85650e-16	AbsError: 1.63257e+01
      Equation: "PotentialEquation"	RelError: 3.90213e-16	AbsError: 3.28811e-17
### SOLVE-END C+0.025
### SOLVE-BEGIN C+0.050
number of equations 12726
Iteration: 0
  Device: "d"	RelError: 6.59988e+00	AbsError: 5.67889e+15
    Region: "Si"	RelError: 6.59988e+00	AbsError: 5.67889e+15
      Equation: "ElectronContinuityEquation"	RelError: 4.82855e-01	AbsError: 2.83945e+15
      Equation: "HoleContinuityEquation"	RelError: 4.82817e-01	AbsError: 2.83945e+15
      Equation: "PotentialEquation"	RelError: 5.63421e+00	AbsError: 2.50000e-02
Iteration: 1
  Device: "d"	RelError: 4.94072e-01	AbsError: 1.83669e+14
    Region: "Si"	RelError: 4.94072e-01	AbsError: 1.83669e+14
      Equation: "ElectronContinuityEquation"	RelError: 2.46211e-01	AbsError: 9.18347e+13
      Equation: "HoleContinuityEquation"	RelError: 2.46185e-01	AbsError: 9.18347e+13
      Equation: "PotentialEquation"	RelError: 1.67574e-03	AbsError: 6.16055e-05
Iteration: 2
  Device: "d"	RelError: 8.42167e-04	AbsError: 3.25998e+10
    Region: "Si"	RelError: 8.42167e-04	AbsError: 3.25998e+10
      Equation: "ElectronContinuityEquation"	RelError: 4.21029e-04	AbsError: 1.62999e+10
      Equation: "HoleContinuityEquation"	RelError: 4.21034e-04	AbsError: 1.62999e+10
      Equation: "PotentialEquation"	RelError: 1.04346e-07	AbsError: 5.14675e-09
Iteration: 3
  Device: "d"	RelError: 1.14711e-10	AbsError: 5.48723e+02
    Region: "Si"	RelError: 1.14711e-10	AbsError: 5.48723e+02
      Equation: "ElectronContinuityEquation"	RelError: 5.73629e-11	AbsError: 2.75735e+02
      Equation: "HoleContinuityEquation"	RelError: 5.73396e-11	AbsError: 2.72988e+02
      Equation: "PotentialEquation"	RelError: 8.03812e-15	AbsError: 8.60868e-17
Iteration: 4
  Device: "d"	RelError: 1.14958e-14	AbsError: 4.12266e+01
    Region: "Si"	RelError: 1.14958e-14	AbsError: 4.12266e+01
      Equation: "ElectronContinuityEquation"	RelError: 1.38563e-15	AbsError: 2.13719e+01
      Equation: "HoleContinuityEquation"	RelError: 2.54033e-15	AbsError: 1.98547e+01
      Equation: "PotentialEquation"	RelError: 7.56980e-15	AbsError: 3.70582e-17
### SOLVE-END C+0.050
Replacing Edge Model x@n0 in region Si of material Si
Replacing Edge Model x@n1 in region Si of material Si
Replacing Edge Model node_index@n0 in region Si of material Si
Replacing Edge Model node_index@n1 in region Si of material Si
### SOLVE-BEGIN C+0.075
number of equations 12726
Iteration: 0
  Device: "d"	RelError: 2.18879e+00	AbsError: 5.76634e+15
    Region: "Si"	RelError: 2.18879e+00	AbsError: 5.76634e+15
      Equation: "ElectronContinuityEquation"	RelError: 4.86543e-01	AbsError: 2.88317e+15
      Equation: "HoleContinuityEquation"	RelError: 4.86520e-01	AbsError: 2.88317e+15
      Equation: "PotentialEquation"	RelError: 1.21572e+00	AbsError: 2.50000e-02
Iteration: 1
  Device: "d"	RelError: 4.97406e-01	AbsError: 1.89900e+14
    Region: "Si"	RelError: 4.97406e-01	AbsError: 1.89900e+14
      Equation: "ElectronContinuityEquation"	RelError: 2.48521e-01	AbsError: 9.49499e+13
      Equation: "HoleContinuityEquation"	RelError: 2.48505e-01	AbsError: 9.49499e+13
      Equation: "PotentialEquation"	RelError: 3.79470e-04	AbsError: 6.30528e-05
Iteration: 2
  Device: "d"	RelError: 8.61400e-04	AbsError: 3.37336e+10
    Region: "Si"	RelError: 8.61400e-04	AbsError: 3.37336e+10
      Equation: "ElectronContinuityEquation"	RelError: 4.30685e-04	AbsError: 1.68668e+10
      Equation: "HoleContinuityEquation"	RelError: 4.30690e-04	AbsError: 1.68668e+10
      Equation: "PotentialEquation"	RelError: 2.53859e-08	AbsError: 5.45130e-09
Iteration: 3
  Device: "d"	RelError: 1.25790e-10	AbsError: 6.13152e+02
    Region: "Si"	RelError: 1.25790e-10	AbsError: 6.13152e+02
      Equation: "ElectronContinuityEquation"	RelError: 6.29058e-11	AbsError: 3.08978e+02
      Equation: "HoleContinuityEquation"	RelError: 6.28832e-11	AbsError: 3.04174e+02
      Equation: "PotentialEquation"	RelError: 8.28152e-16	AbsError: 8.56399e-17
Iteration: 4
  Device: "d"	RelError: 3.35554e-15	AbsError: 3.52437e+01
    Region: "Si"	RelError: 3.35554e-15	AbsError: 3.52437e+01
      Equation: "ElectronContinuityEquation"	RelError: 8.86846e-16	AbsError: 1.69800e+01
      Equation: "HoleContinuityEquation"	RelError: 1.40385e-15	AbsError: 1.82637e+01
      Equation: "PotentialEquation"	RelError: 1.06484e-15	AbsError: 3.08109e-17
### SOLVE-END C+0.075
### SOLVE-BEGIN C+0.100
number of equations 12726
Iteration: 0
  Device: "d"	RelError: 1.53465e+00	AbsError: 5.87400e+15
    Region: "Si"	RelError: 1.53465e+00	AbsError: 5.87400e+15
      Equation: "ElectronContinuityEquation"	RelError: 4.88581e-01	AbsError: 2.93700e+15
      Equation: "HoleContinuityEquation"	RelError: 4.88568e-01	AbsError: 2.93700e+15
      Equation: "PotentialEquation"	RelError: 5.57503e-01	AbsError: 2.50000e-02
Iteration: 1
  Device: "d"	RelError: 4.99869e-01	AbsError: 1.98136e+14
    Region: "Si"	RelError: 4.99869e-01	AbsError: 1.98136e+14
      Equation: "ElectronContinuityEquation"	RelError: 2.49684e-01	AbsError: 9.90680e+13
      Equation: "HoleContinuityEquation"	RelError: 2.49672e-01	AbsError: 9.90680e+13
      Equation: "PotentialEquation"	RelError: 5.12932e-04	AbsError: 6.47944e-05
Iteration: 2
  Device: "d"	RelError: 8.84093e-04	AbsError: 3.61805e+10
    Region: "Si"	RelError: 8.84093e-04	AbsError: 3.61805e+10
      Equation: "ElectronContinuityEquation"	RelError: 4.42026e-04	AbsError: 1.80902e+10
      Equation: "HoleContinuityEquation"	RelError: 4.42030e-04	AbsError: 1.80902e+10
      Equation: "PotentialEquation"	RelError: 3.69293e-08	AbsError: 5.77603e-09
Iteration: 3
  Device: "d"	RelError: 1.36877e-10	AbsError: 6.56691e+02
    Region: "Si"	RelError: 1.36877e-10	AbsError: 6.56691e+02
      Equation: "ElectronContinuityEquation"	RelError: 6.84485e-11	AbsError: 3.22134e+02
      Equation: "HoleContinuityEquation"	RelError: 6.84274e-11	AbsError: 3.34557e+02
      Equation: "PotentialEquation"	RelError: 6.70087e-16	AbsError: 8.89588e-17
Iteration: 4
  Device: "d"	RelError: 5.56132e-15	AbsError: 3.50218e+01
    Region: "Si"	RelError: 5.56132e-15	AbsError: 3.50218e+01
      Equation: "ElectronContinuityEquation"	RelError: 1.77971e-15	AbsError: 1.61329e+01
      Equation: "HoleContinuityEquation"	RelError: 2.50229e-15	AbsError: 1.88889e+01
      Equation: "PotentialEquation"	RelError: 1.27932e-15	AbsError: 5.10621e-17
### SOLVE-END C+0.100
Replacing Edge Model x@n0 in region Si of material Si
Replacing Edge Model x@n1 in region Si of material Si
Replacing Edge Model node_index@n0 in region Si of material Si
Replacing Edge Model node_index@n1 in region Si of material Si
Physical group name Si has 0 Tetrahedra.
Physical group name Si has 8040 Triangles.
Physical group name Si has 12281 Lines.
Physical group name Si has 4242 Points.
Physical group name left has 0 Tetrahedra.
Physical group name left has 0 Triangles.
Physical group name left has 20 Lines.
Physical group name left has 21 Points.
Physical group name right has 0 Tetrahedra.
Physical group name right has 0 Triangles.
Physical group name right has 20 Lines.
Physical group name right has 21 Points.
Device d has 4242 coordinates with max index 4241
Region Si has 4242 nodes.
Contact left in region Si with 21 nodes
Contact right in region Si with 21 nodes
Creating Node Solution Potential
### SOLVE-BEGIN Arev
number of equations 4242
Iteration: 0
  Device: "d"	RelError: 1.00000e+00	AbsError: 1.37949e-01
    Region: "Si"	RelError: 1.00000e+00	AbsError: 1.37949e-01
      Equation: "PotentialEquation"	RelError: 1.00000e+00	AbsError: 1.37949e-01
Iteration: 1
  Device: "d"	RelError: 4.98626e-01	AbsError: 1.37193e-01
    Region: "Si"	RelError: 4.98626e-01	AbsError: 1.37193e-01
      Equation: "PotentialEquation"	RelError: 4.98626e-01	AbsError: 1.37193e-01
Iteration: 2
  Device: "d"	RelError: 3.14428e-01	AbsError: 1.25170e-01
    Region: "Si"	RelError: 3.14428e-01	AbsError: 1.25170e-01
      Equation: "PotentialEquation"	RelError: 3.14428e-01	AbsError: 1.25170e-01
Iteration: 3
  Device: "d"	RelError: 5.26493e-01	AbsError: 6.12227e-02
    Region: "Si"	RelError: 5.26493e-01	AbsError: 6.12227e-02
      Equation: "PotentialEquation"	RelError: 5.26493e-01	AbsError: 6.12227e-02
Iteration: 4
  Device: "d"	RelError: 8.37069e-01	AbsError: 5.01960e-02
    Region: "Si"	RelError: 8.37069e-01	AbsError: 5.01960e-02
      Equation: "PotentialEquation"	RelError: 8.37069e-01	AbsError: 5.01960e-02
Iteration: 5
  Device: "d"	RelError: 2.90437e-01	AbsError: 4.17220e-02
    Region: "Si"	RelError: 2.90437e-01	AbsError: 4.17220e-02
      Equation: "PotentialEquation"	RelError: 2.90437e-01	AbsError: 4.17220e-02
Iteration: 6
  Device: "d"	RelError: 8.18607e-02	AbsError: 3.16681e-02
    Region: "Si"	RelError: 8.18607e-02	AbsError: 3.16681e-02
      Equation: "PotentialEquation"	RelError: 8.18607e-02	AbsError: 3.16681e-02
Iteration: 7
  Device: "d"	RelError: 5.20424e-02	AbsError: 2.17306e-02
    Region: "Si"	RelError: 5.20424e-02	AbsError: 2.17306e-02
      Equation: "PotentialEquation"	RelError: 5.20424e-02	AbsError: 2.17306e-02
Iteration: 8
  Device: "d"	RelError: 2.46584e-02	AbsError: 1.02888e-02
    Region: "Si"	RelError: 2.46584e-02	AbsError: 1.02888e-02
      Equation: "PotentialEquation"	RelError: 2.46584e-02	AbsError: 1.02888e-02
Iteration: 9
  Device: "d"	RelError: 1.63403e-06	AbsError: 6.81804e-07
    Region: "Si"	RelError: 1.63403e-06	AbsError: 6.81804e-07
      Equation: "PotentialEquation"	RelError: 1.63403e-06	AbsError: 6.81804e-07
Iteration: 10
  Device: "d"	RelError: 8.20811e-12	AbsError: 3.42485e-12
    Region: "Si"	RelError: 8.20811e-12	AbsError: 3.42485e-12
      Equation: "PotentialEquation"	RelError: 8.20811e-12	AbsError: 3.42485e-12
### SOLVE-END Arev
Warning: Replacing equation with equation of the same name.
Region: Si, Equation: PotentialEquation, Variable: Potential
### SOLVE-BEGIN B0rev
number of equations 12726
Iteration: 0
  Device: "d"	RelError: 2.00568e-14	AbsError: 1.09714e+03
    Region: "Si"	RelError: 2.00568e-14	AbsError: 1.09714e+03
      Equation: "ElectronContinuityEquation"	RelError: 9.27995e-15	AbsError: 5.40568e+02
      Equation: "HoleContinuityEquation"	RelError: 9.80373e-15	AbsError: 5.56568e+02
      Equation: "PotentialEquation"	RelError: 9.73144e-16	AbsError: 1.34040e-16
### SOLVE-END B0rev
### SOLVE-BEGIN C-0.025
number of equations 12726
Iteration: 0
  Device: "d"	RelError: 2.13388e+01	AbsError: 5.57271e+15
    Region: "Si"	RelError: 2.13388e+01	AbsError: 5.57271e+15
      Equation: "ElectronContinuityEquation"	RelError: 1.03108e+01	AbsError: 2.78636e+15
      Equation: "HoleContinuityEquation"	RelError: 1.02825e+01	AbsError: 2.78636e+15
      Equation: "PotentialEquation"	RelError: 7.45426e-01	AbsError: 2.50000e-02
Iteration: 1
  Device: "d"	RelError: 1.56774e+00	AbsError: 1.72168e+14
    Region: "Si"	RelError: 1.56774e+00	AbsError: 1.72168e+14
      Equation: "ElectronContinuityEquation"	RelError: 7.83992e-01	AbsError: 8.60841e+13
      Equation: "HoleContinuityEquation"	RelError: 7.83523e-01	AbsError: 8.60841e+13
      Equation: "PotentialEquation"	RelError: 2.19516e-04	AbsError: 5.91023e-05
Iteration: 2
  Device: "d"	RelError: 1.77377e-03	AbsError: 2.97571e+10
    Region: "Si"	RelError: 1.77377e-03	AbsError: 2.97571e+10
      Equation: "ElectronContinuityEquation"	RelError: 8.86828e-04	AbsError: 1.48786e+10
      Equation: "HoleContinuityEquation"	RelError: 8.86926e-04	AbsError: 1.48786e+10
      Equation: "PotentialEquation"	RelError: 1.18161e-08	AbsError: 4.64780e-09
Iteration: 3
  Device: "d"	RelError: 2.58269e-10	AbsError: 4.62293e+02
    Region: "Si"	RelError: 2.58269e-10	AbsError: 4.62293e+02
      Equation: "ElectronContinuityEquation"	RelError: 1.29226e-10	AbsError: 2.23555e+02
      Equation: "HoleContinuityEquation"	RelError: 1.29042e-10	AbsError: 2.38737e+02
      Equation: "PotentialEquation"	RelError: 1.33414e-15	AbsError: 6.53427e-17
Iteration: 4
  Device: "d"	RelError: 6.62692e-15	AbsError: 3.89845e+01
    Region: "Si"	RelError: 6.62692e-15	AbsError: 3.89845e+01
      Equation: "ElectronContinuityEquation"	RelError: 2.36730e-15	AbsError: 2.23317e+01
      Equation: "HoleContinuityEquation"	RelError: 1.97821e-15	AbsError: 1.66528e+01
      Equation: "PotentialEquation"	RelError: 2.28141e-15	AbsError: 4.89308e-17
### SOLVE-END C-0.025
### SOLVE-BEGIN C-0.050
number of equations 12726
Iteration: 0
  Device: "d"	RelError: 1.77443e+01	AbsError: 5.50119e+15
    Region: "Si"	RelError: 1.77443e+01	AbsError: 5.50119e+15
      Equation: "ElectronContinuityEquation"	RelError: 7.41404e+00	AbsError: 2.75060e+15
      Equation: "HoleContinuityEquation"	RelError: 7.39289e+00	AbsError: 2.75060e+15
      Equation: "PotentialEquation"	RelError: 2.93740e+00	AbsError: 2.50000e-02
Iteration: 1
  Device: "d"	RelError: 1.43876e+00	AbsError: 1.67697e+14
    Region: "Si"	RelError: 1.43876e+00	AbsError: 1.67697e+14
      Equation: "ElectronContinuityEquation"	RelError: 7.19300e-01	AbsError: 8.38487e+13
      Equation: "HoleContinuityEquation"	RelError: 7.18636e-01	AbsError: 8.38487e+13
      Equation: "PotentialEquation"	RelError: 8.25556e-04	AbsError: 5.78258e-05
Iteration: 2
  Device: "d"	RelError: 1.73273e-03	AbsError: 2.84904e+10
    Region: "Si"	RelError: 1.73273e-03	AbsError: 2.84904e+10
      Equation: "ElectronContinuityEquation"	RelError: 8.66232e-04	AbsError: 1.42452e+10
      Equation: "HoleContinuityEquation"	RelError: 8.66461e-04	AbsError: 1.42452e+10
      Equation: "PotentialEquation"	RelError: 4.16172e-08	AbsError: 4.42863e-09
Iteration: 3
  Device: "d"	RelError: 1.78656e-10	AbsError: 4.46326e+02
    Region: "Si"	RelError: 1.78656e-10	AbsError: 4.46326e+02
      Equation: "ElectronContinuityEquation"	RelError: 8.94023e-11	AbsError: 2.22293e+02
      Equation: "HoleContinuityEquation"	RelError: 8.92491e-11	AbsError: 2.24033e+02
      Equation: "PotentialEquation"	RelError: 4.70453e-15	AbsError: 4.61841e-17
Iteration: 4
  Device: "d"	RelError: 4.69656e-15	AbsError: 2.84890e+01
    Region: "Si"	RelError: 4.69656e-15	AbsError: 2.84890e+01
      Equation: "ElectronContinuityEquation"	RelError: 1.30765e-15	AbsError: 1.48217e+01
      Equation: "HoleContinuityEquation"	RelError: 1.81055e-15	AbsError: 1.36672e+01
      Equation: "PotentialEquation"	RelError: 1.57836e-15	AbsError: 4.26461e-17
### SOLVE-END C-0.050
### SOLVE-BEGIN C-0.075
number of equations 12726
Iteration: 0
  Device: "d"	RelError: 1.24715e+01	AbsError: 5.40290e+15
    Region: "Si"	RelError: 1.24715e+01	AbsError: 5.40290e+15
      Equation: "ElectronContinuityEquation"	RelError: 5.48652e+00	AbsError: 2.70145e+15
      Equation: "HoleContinuityEquation"	RelError: 5.46906e+00	AbsError: 2.70145e+15
      Equation: "PotentialEquation"	RelError: 1.51597e+00	AbsError: 2.50000e-02
Iteration: 1
  Device: "d"	RelError: 1.29670e+00	AbsError: 1.61410e+14
    Region: "Si"	RelError: 1.29670e+00	AbsError: 1.61410e+14
      Equation: "ElectronContinuityEquation"	RelError: 6.48535e-01	AbsError: 8.07050e+13
      Equation: "HoleContinuityEquation"	RelError: 6.47758e-01	AbsError: 8.07050e+13
      Equation: "PotentialEquation"	RelError: 4.06464e-04	AbsError: 5.64913e-05
Iteration: 2
  Device: "d"	RelError: 1.67998e-03	AbsError: 2.68311e+10
    Region: "Si"	RelError: 1.67998e-03	AbsError: 2.68311e+10
      Equation: "ElectronContinuityEquation"	RelError: 8.39698e-04	AbsError: 1.34155e+10
      Equation: "HoleContinuityEquation"	RelError: 8.40259e-04	AbsError: 1.34155e+10
      Equation: "PotentialEquation"	RelError: 1.92250e-08	AbsError: 4.20142e-09
Iteration: 3
  Device: "d"	RelError: 1.30331e-10	AbsError: 4.15379e+02
    Region: "Si"	RelError: 1.30331e-10	AbsError: 4.15379e+02
      Equation: "ElectronContinuityEquation"	RelError: 6.50222e-11	AbsError: 2.08222e+02
      Equation: "HoleContinuityEquation"	RelError: 6.53063e-11	AbsError: 2.07157e+02
      Equation: "PotentialEquation"	RelError: 2.80604e-15	AbsError: 6.75147e-17
Iteration: 4
  Device: "d"	RelError: 5.77775e-15	AbsError: 3.15427e+01
    Region: "Si"	RelError: 5.77775e-15	AbsError: 3.15427e+01
      Equation: "ElectronContinuityEquation"	RelError: 1.88422e-15	AbsError: 1.75197e+01
      Equation: "HoleContinuityEquation"	RelError: 1.61852e-15	AbsError: 1.40230e+01
      Equation: "PotentialEquation"	RelError: 2.27502e-15	AbsError: 4.56558e-17
### SOLVE-END C-0.075
### SOLVE-BEGIN C-0.100
number of equations 12726
Iteration: 0
  Device: "d"	RelError: 9.10599e+00	AbsError: 5.33673e+15
    Region: "Si"	RelError: 9.10599e+00	AbsError: 5.33673e+15
      Equation: "ElectronContinuityEquation"	RelError: 4.25948e+00	AbsError: 2.66836e+15
      Equation: "HoleContinuityEquation"	RelError: 4.24394e+00	AbsError: 2.66836e+15
      Equation: "PotentialEquation"	RelError: 6.02568e-01	AbsError: 2.50000e-02
Iteration: 1
  Device: "d"	RelError: 1.16488e+00	AbsError: 1.57098e+14
    Region: "Si"	RelError: 1.16488e+00	AbsError: 1.57098e+14
      Equation: "ElectronContinuityEquation"	RelError: 5.82830e-01	AbsError: 7.85491e+13
      Equation: "HoleContinuityEquation"	RelError: 5.81792e-01	AbsError: 7.85491e+13
      Equation: "PotentialEquation"	RelError: 2.59428e-04	AbsError: 5.52548e-05
Iteration: 2
  Device: "d"	RelError: 1.60867e-03	AbsError: 2.59952e+10
    Region: "Si"	RelError: 1.60867e-03	AbsError: 2.59952e+10
      Equation: "ElectronContinuityEquation"	RelError: 8.03641e-04	AbsError: 1.29976e+10
      Equation: "HoleContinuityEquation"	RelError: 8.05017e-04	AbsError: 1.29976e+10
      Equation: "PotentialEquation"	RelError: 1.15324e-08	AbsError: 4.00369e-09
Iteration: 3
  Device: "d"	RelError: 9.83492e-11	AbsError: 3.76895e+02
    Region: "Si"	RelError: 9.83492e-11	AbsError: 3.76895e+02
      Equation: "ElectronContinuityEquation"	RelError: 4.88767e-11	AbsError: 1.91183e+02
      Equation: "HoleContinuityEquation"	RelError: 4.94720e-11	AbsError: 1.85712e+02
      Equation: "PotentialEquation"	RelError: 5.62597e-16	AbsError: 7.12977e-17
### SOLVE-END C-0.100
Replacing Edge Model x@n0 in region Si of material Si
Replacing Edge Model x@n1 in region Si of material Si
Replacing Edge Model node_index@n0 in region Si of material Si
Replacing Edge Model node_index@n1 in region Si of material Si

[worker_d3] wrote E2_M1_h0.005_P0_orig.json error=False

[d3] E2_M1_h0.005_P0_orig completed=True in 6.4 s

[d3] ===== E2_1D_h0.005_P0_mirror =====
Searching DEVSIM_MATH_LIBS="mkl_rt.3.dll"
Loading "mkl_rt.3.dll": Intel MKL with PARDISO LOADED
R
 (region: Si)
 (contact: left)
 (contact: right)
Creating Node Solution Potential
### SOLVE-BEGIN A
number of equations 202
Iteration: 0
  Device: "d"	RelError: 1.00000e+00	AbsError: 1.37947e-01
    Region: "Si"	RelError: 1.00000e+00	AbsError: 1.37947e-01
      Equation: "PotentialEquation"	RelError: 1.00000e+00	AbsError: 1.37947e-01
Iteration: 1
  Device: "d"	RelError: 4.98626e-01	AbsError: 1.37191e-01
    Region: "Si"	RelError: 4.98626e-01	AbsError: 1.37191e-01
      Equation: "PotentialEquation"	RelError: 4.98626e-01	AbsError: 1.37191e-01
Iteration: 2
  Device: "d"	RelError: 3.14427e-01	AbsError: 1.25169e-01
    Region: "Si"	RelError: 3.14427e-01	AbsError: 1.25169e-01
      Equation: "PotentialEquation"	RelError: 3.14427e-01	AbsError: 1.25169e-01
Iteration: 3
  Device: "d"	RelError: 5.26469e-01	AbsError: 6.12167e-02
    Region: "Si"	RelError: 5.26469e-01	AbsError: 6.12167e-02
      Equation: "PotentialEquation"	RelError: 5.26469e-01	AbsError: 6.12167e-02
Iteration: 4
  Device: "d"	RelError: 8.37229e-01	AbsError: 5.01960e-02
    Region: "Si"	RelError: 8.37229e-01	AbsError: 5.01960e-02
      Equation: "PotentialEquation"	RelError: 8.37229e-01	AbsError: 5.01960e-02
Iteration: 5
  Device: "d"	RelError: 2.90291e-01	AbsError: 4.17220e-02
    Region: "Si"	RelError: 2.90291e-01	AbsError: 4.17220e-02
      Equation: "PotentialEquation"	RelError: 2.90291e-01	AbsError: 4.17220e-02
Iteration: 6
  Device: "d"	RelError: 8.18607e-02	AbsError: 3.16681e-02
    Region: "Si"	RelError: 8.18607e-02	AbsError: 3.16681e-02
      Equation: "PotentialEquation"	RelError: 8.18607e-02	AbsError: 3.16681e-02
Iteration: 7
  Device: "d"	RelError: 5.20227e-02	AbsError: 2.17236e-02
    Region: "Si"	RelError: 5.20227e-02	AbsError: 2.17236e-02
      Equation: "PotentialEquation"	RelError: 5.20227e-02	AbsError: 2.17236e-02
Iteration: 8
  Device: "d"	RelError: 2.46584e-02	AbsError: 1.02888e-02
    Region: "Si"	RelError: 2.46584e-02	AbsError: 1.02888e-02
      Equation: "PotentialEquation"	RelError: 2.46584e-02	AbsError: 1.02888e-02
Iteration: 9
  Device: "d"	RelError: 1.64718e-06	AbsError: 6.87291e-07
    Region: "Si"	RelError: 1.64718e-06	AbsError: 6.87291e-07
      Equation: "PotentialEquation"	RelError: 1.64718e-06	AbsError: 6.87291e-07
Iteration: 10
  Device: "d"	RelError: 8.50632e-12	AbsError: 3.54928e-12
    Region: "Si"	RelError: 8.50632e-12	AbsError: 3.54928e-12
      Equation: "PotentialEquation"	RelError: 8.50632e-12	AbsError: 3.54928e-12
### SOLVE-END A
Warning: Replacing equation with equation of the same name.
Region: Si, Equation: PotentialEquation, Variable: Potential
### SOLVE-BEGIN B0
number of equations 606
Iteration: 0
  Device: "d"	RelError: 1.41472e-14	AbsError: 1.00800e+03
    Region: "Si"	RelError: 1.41472e-14	AbsError: 1.00800e+03
      Equation: "ElectronContinuityEquation"	RelError: 7.25489e-15	AbsError: 4.96000e+02
      Equation: "HoleContinuityEquation"	RelError: 6.58981e-15	AbsError: 5.12000e+02
      Equation: "PotentialEquation"	RelError: 3.02511e-16	AbsError: 1.26223e-16
### SOLVE-END B0
### SOLVE-BEGIN C+0.025
number of equations 606
Iteration: 0
  Device: "d"	RelError: 1.80201e+00	AbsError: 5.56112e+15
    Region: "Si"	RelError: 1.80201e+00	AbsError: 5.56112e+15
      Equation: "ElectronContinuityEquation"	RelError: 4.76807e-01	AbsError: 2.78056e+15
      Equation: "HoleContinuityEquation"	RelError: 4.76752e-01	AbsError: 2.78056e+15
      Equation: "PotentialEquation"	RelError: 8.48449e-01	AbsError: 2.50000e-02
Iteration: 1
  Device: "d"	RelError: 4.84109e-01	AbsError: 1.73903e+14
    Region: "Si"	RelError: 4.84109e-01	AbsError: 1.73903e+14
      Equation: "ElectronContinuityEquation"	RelError: 2.41956e-01	AbsError: 8.69517e+13
      Equation: "HoleContinuityEquation"	RelError: 2.41913e-01	AbsError: 8.69517e+13
      Equation: "PotentialEquation"	RelError: 2.40010e-04	AbsError: 6.01360e-05
Iteration: 2
  Device: "d"	RelError: 8.20464e-04	AbsError: 3.07201e+10
    Region: "Si"	RelError: 8.20464e-04	AbsError: 3.07201e+10
      Equation: "ElectronContinuityEquation"	RelError: 4.10222e-04	AbsError: 1.53601e+10
      Equation: "HoleContinuityEquation"	RelError: 4.10229e-04	AbsError: 1.53601e+10
      Equation: "PotentialEquation"	RelError: 1.34982e-08	AbsError: 4.77298e-09
Iteration: 3
  Device: "d"	RelError: 1.02662e-10	AbsError: 4.02881e+02
    Region: "Si"	RelError: 1.02662e-10	AbsError: 4.02881e+02
      Equation: "ElectronContinuityEquation"	RelError: 5.13283e-11	AbsError: 2.03153e+02
      Equation: "HoleContinuityEquation"	RelError: 5.13323e-11	AbsError: 1.99728e+02
      Equation: "PotentialEquation"	RelError: 1.42574e-15	AbsError: 8.95037e-17
Iteration: 4
  Device: "d"	RelError: 1.83183e-15	AbsError: 2.43758e+01
    Region: "Si"	RelError: 1.83183e-15	AbsError: 2.43758e+01
      Equation: "ElectronContinuityEquation"	RelError: 6.20506e-16	AbsError: 9.73224e+00
      Equation: "HoleContinuityEquation"	RelError: 9.23715e-16	AbsError: 1.46435e+01
      Equation: "PotentialEquation"	RelError: 2.87606e-16	AbsError: 3.46227e-17
### SOLVE-END C+0.025
### SOLVE-BEGIN C+0.050
number of equations 606
Iteration: 0
  Device: "d"	RelError: 6.59415e+00	AbsError: 5.67720e+15
    Region: "Si"	RelError: 6.59415e+00	AbsError: 5.67720e+15
      Equation: "ElectronContinuityEquation"	RelError: 4.82843e-01	AbsError: 2.83860e+15
      Equation: "HoleContinuityEquation"	RelError: 4.82807e-01	AbsError: 2.83860e+15
      Equation: "PotentialEquation"	RelError: 5.62849e+00	AbsError: 2.50000e-02
Iteration: 1
  Device: "d"	RelError: 4.94072e-01	AbsError: 1.79786e+14
    Region: "Si"	RelError: 4.94072e-01	AbsError: 1.79786e+14
      Equation: "ElectronContinuityEquation"	RelError: 2.46212e-01	AbsError: 8.98932e+13
      Equation: "HoleContinuityEquation"	RelError: 2.46186e-01	AbsError: 8.98932e+13
      Equation: "PotentialEquation"	RelError: 1.67405e-03	AbsError: 6.16526e-05
Iteration: 2
  Device: "d"	RelError: 8.41114e-04	AbsError: 3.26085e+10
    Region: "Si"	RelError: 8.41114e-04	AbsError: 3.26085e+10
      Equation: "ElectronContinuityEquation"	RelError: 4.20504e-04	AbsError: 1.63043e+10
      Equation: "HoleContinuityEquation"	RelError: 4.20509e-04	AbsError: 1.63043e+10
      Equation: "PotentialEquation"	RelError: 1.01023e-07	AbsError: 5.05737e-09
Iteration: 3
  Device: "d"	RelError: 1.13411e-10	AbsError: 4.97445e+02
    Region: "Si"	RelError: 1.13411e-10	AbsError: 4.97445e+02
      Equation: "ElectronContinuityEquation"	RelError: 5.67126e-11	AbsError: 2.49867e+02
      Equation: "HoleContinuityEquation"	RelError: 5.66883e-11	AbsError: 2.47578e+02
      Equation: "PotentialEquation"	RelError: 9.85532e-15	AbsError: 4.42535e-17
Iteration: 4
  Device: "d"	RelError: 8.48414e-15	AbsError: 2.49449e+01
    Region: "Si"	RelError: 8.48414e-15	AbsError: 2.49449e+01
      Equation: "ElectronContinuityEquation"	RelError: 7.19970e-16	AbsError: 1.13957e+01
      Equation: "HoleContinuityEquation"	RelError: 4.70693e-16	AbsError: 1.35492e+01
      Equation: "PotentialEquation"	RelError: 7.29348e-15	AbsError: 3.55498e-17
### SOLVE-END C+0.050
Replacing Edge Model x@n0 in region Si of material Si
Replacing Edge Model x@n1 in region Si of material Si
Replacing Edge Model node_index@n0 in region Si of material Si
Replacing Edge Model node_index@n1 in region Si of material Si
### SOLVE-BEGIN C+0.075
number of equations 606
Iteration: 0
  Device: "d"	RelError: 2.18851e+00	AbsError: 5.76417e+15
    Region: "Si"	RelError: 2.18851e+00	AbsError: 5.76417e+15
      Equation: "ElectronContinuityEquation"	RelError: 4.86536e-01	AbsError: 2.88209e+15
      Equation: "HoleContinuityEquation"	RelError: 4.86514e-01	AbsError: 2.88209e+15
      Equation: "PotentialEquation"	RelError: 1.21546e+00	AbsError: 2.50000e-02
Iteration: 1
  Device: "d"	RelError: 4.97407e-01	AbsError: 1.89914e+14
    Region: "Si"	RelError: 4.97407e-01	AbsError: 1.89914e+14
      Equation: "ElectronContinuityEquation"	RelError: 2.48522e-01	AbsError: 9.49570e+13
      Equation: "HoleContinuityEquation"	RelError: 2.48506e-01	AbsError: 9.49570e+13
      Equation: "PotentialEquation"	RelError: 3.79390e-04	AbsError: 6.31014e-05
Iteration: 2
  Device: "d"	RelError: 8.60336e-04	AbsError: 3.37519e+10
    Region: "Si"	RelError: 8.60336e-04	AbsError: 3.37519e+10
      Equation: "ElectronContinuityEquation"	RelError: 4.30153e-04	AbsError: 1.68759e+10
      Equation: "HoleContinuityEquation"	RelError: 4.30159e-04	AbsError: 1.68759e+10
      Equation: "PotentialEquation"	RelError: 2.46214e-08	AbsError: 5.38895e-09
Iteration: 3
  Device: "d"	RelError: 1.24349e-10	AbsError: 5.99938e+02
    Region: "Si"	RelError: 1.24349e-10	AbsError: 5.99938e+02
      Equation: "ElectronContinuityEquation"	RelError: 6.21833e-11	AbsError: 3.04368e+02
      Equation: "HoleContinuityEquation"	RelError: 6.21627e-11	AbsError: 2.95570e+02
      Equation: "PotentialEquation"	RelError: 2.56407e-15	AbsError: 6.09338e-17
Iteration: 4
  Device: "d"	RelError: 1.94614e-15	AbsError: 3.19763e+01
    Region: "Si"	RelError: 1.94614e-15	AbsError: 3.19763e+01
      Equation: "ElectronContinuityEquation"	RelError: 6.90831e-16	AbsError: 1.79453e+01
      Equation: "HoleContinuityEquation"	RelError: 9.37484e-16	AbsError: 1.40310e+01
      Equation: "PotentialEquation"	RelError: 3.17822e-16	AbsError: 3.42041e-17
### SOLVE-END C+0.075
### SOLVE-BEGIN C+0.100
number of equations 606
Iteration: 0
  Device: "d"	RelError: 1.53428e+00	AbsError: 5.82076e+15
    Region: "Si"	RelError: 1.53428e+00	AbsError: 5.82076e+15
      Equation: "ElectronContinuityEquation"	RelError: 4.88575e-01	AbsError: 2.91038e+15
      Equation: "HoleContinuityEquation"	RelError: 4.88562e-01	AbsError: 2.91038e+15
      Equation: "PotentialEquation"	RelError: 5.57138e-01	AbsError: 2.50000e-02
Iteration: 1
  Device: "d"	RelError: 4.99867e-01	AbsError: 1.98115e+14
    Region: "Si"	RelError: 4.99867e-01	AbsError: 1.98115e+14
      Equation: "ElectronContinuityEquation"	RelError: 2.49682e-01	AbsError: 9.90573e+13
      Equation: "HoleContinuityEquation"	RelError: 2.49672e-01	AbsError: 9.90573e+13
      Equation: "PotentialEquation"	RelError: 5.12602e-04	AbsError: 6.44620e-05
Iteration: 2
  Device: "d"	RelError: 8.78089e-04	AbsError: 3.41868e+10
    Region: "Si"	RelError: 8.78089e-04	AbsError: 3.41868e+10
      Equation: "ElectronContinuityEquation"	RelError: 4.39023e-04	AbsError: 1.70934e+10
      Equation: "HoleContinuityEquation"	RelError: 4.39030e-04	AbsError: 1.70934e+10
      Equation: "PotentialEquation"	RelError: 3.58350e-08	AbsError: 5.71263e-09
Iteration: 3
  Device: "d"	RelError: 1.35288e-10	AbsError: 6.67753e+02
    Region: "Si"	RelError: 1.35288e-10	AbsError: 6.67753e+02
      Equation: "ElectronContinuityEquation"	RelError: 6.76543e-11	AbsError: 3.27595e+02
      Equation: "HoleContinuityEquation"	RelError: 6.76335e-11	AbsError: 3.40158e+02
      Equation: "PotentialEquation"	RelError: 3.76254e-16	AbsError: 6.08810e-17
Iteration: 4
  Device: "d"	RelError: 3.63380e-15	AbsError: 2.99324e+01
    Region: "Si"	RelError: 3.63380e-15	AbsError: 2.99324e+01
      Equation: "ElectronContinuityEquation"	RelError: 1.78085e-15	AbsError: 8.95039e+00
      Equation: "HoleContinuityEquation"	RelError: 1.51472e-15	AbsError: 2.09820e+01
      Equation: "PotentialEquation"	RelError: 3.38243e-16	AbsError: 3.30895e-17
### SOLVE-END C+0.100
Replacing Edge Model x@n0 in region Si of material Si
Replacing Edge Model x@n1 in region Si of material Si
Replacing Edge Model node_index@n0 in region Si of material Si
Replacing Edge Model node_index@n1 in region Si of material Si
R
 (region: Si)
 (contact: left)
 (contact: right)
Creating Node Solution Potential
### SOLVE-BEGIN Arev
number of equations 202
Iteration: 0
  Device: "d"	RelError: 1.00000e+00	AbsError: 1.37947e-01
    Region: "Si"	RelError: 1.00000e+00	AbsError: 1.37947e-01
      Equation: "PotentialEquation"	RelError: 1.00000e+00	AbsError: 1.37947e-01
Iteration: 1
  Device: "d"	RelError: 4.98626e-01	AbsError: 1.37191e-01
    Region: "Si"	RelError: 4.98626e-01	AbsError: 1.37191e-01
      Equation: "PotentialEquation"	RelError: 4.98626e-01	AbsError: 1.37191e-01
Iteration: 2
  Device: "d"	RelError: 3.14427e-01	AbsError: 1.25169e-01
    Region: "Si"	RelError: 3.14427e-01	AbsError: 1.25169e-01
      Equation: "PotentialEquation"	RelError: 3.14427e-01	AbsError: 1.25169e-01
Iteration: 3
  Device: "d"	RelError: 5.26469e-01	AbsError: 6.12167e-02
    Region: "Si"	RelError: 5.26469e-01	AbsError: 6.12167e-02
      Equation: "PotentialEquation"	RelError: 5.26469e-01	AbsError: 6.12167e-02
Iteration: 4
  Device: "d"	RelError: 8.37229e-01	AbsError: 5.01960e-02
    Region: "Si"	RelError: 8.37229e-01	AbsError: 5.01960e-02
      Equation: "PotentialEquation"	RelError: 8.37229e-01	AbsError: 5.01960e-02
Iteration: 5
  Device: "d"	RelError: 2.90291e-01	AbsError: 4.17220e-02
    Region: "Si"	RelError: 2.90291e-01	AbsError: 4.17220e-02
      Equation: "PotentialEquation"	RelError: 2.90291e-01	AbsError: 4.17220e-02
Iteration: 6
  Device: "d"	RelError: 8.18607e-02	AbsError: 3.16681e-02
    Region: "Si"	RelError: 8.18607e-02	AbsError: 3.16681e-02
      Equation: "PotentialEquation"	RelError: 8.18607e-02	AbsError: 3.16681e-02
Iteration: 7
  Device: "d"	RelError: 5.20227e-02	AbsError: 2.17236e-02
    Region: "Si"	RelError: 5.20227e-02	AbsError: 2.17236e-02
      Equation: "PotentialEquation"	RelError: 5.20227e-02	AbsError: 2.17236e-02
Iteration: 8
  Device: "d"	RelError: 2.46584e-02	AbsError: 1.02888e-02
    Region: "Si"	RelError: 2.46584e-02	AbsError: 1.02888e-02
      Equation: "PotentialEquation"	RelError: 2.46584e-02	AbsError: 1.02888e-02
Iteration: 9
  Device: "d"	RelError: 1.64718e-06	AbsError: 6.87291e-07
    Region: "Si"	RelError: 1.64718e-06	AbsError: 6.87291e-07
      Equation: "PotentialEquation"	RelError: 1.64718e-06	AbsError: 6.87291e-07
Iteration: 10
  Device: "d"	RelError: 8.50632e-12	AbsError: 3.54928e-12
    Region: "Si"	RelError: 8.50632e-12	AbsError: 3.54928e-12
      Equation: "PotentialEquation"	RelError: 8.50632e-12	AbsError: 3.54928e-12
### SOLVE-END Arev
Warning: Replacing equation with equation of the same name.
Region: Si, Equation: PotentialEquation, Variable: Potential
### SOLVE-BEGIN B0rev
number of equations 606
Iteration: 0
  Device: "d"	RelError: 1.41472e-14	AbsError: 1.00800e+03
    Region: "Si"	RelError: 1.41472e-14	AbsError: 1.00800e+03
      Equation: "ElectronContinuityEquation"	RelError: 7.25489e-15	AbsError: 4.96000e+02
      Equation: "HoleContinuityEquation"	RelError: 6.58981e-15	AbsError: 5.12000e+02
      Equation: "PotentialEquation"	RelError: 3.02511e-16	AbsError: 1.26223e-16
### SOLVE-END B0rev
### SOLVE-BEGIN C-0.025
number of equations 606
Iteration: 0
  Device: "d"	RelError: 2.12779e+01	AbsError: 5.56112e+15
    Region: "Si"	RelError: 2.12779e+01	AbsError: 5.56112e+15
      Equation: "ElectronContinuityEquation"	RelError: 1.02789e+01	AbsError: 2.78056e+15
      Equation: "HoleContinuityEquation"	RelError: 1.02537e+01	AbsError: 2.78056e+15
      Equation: "PotentialEquation"	RelError: 7.45318e-01	AbsError: 2.50000e-02
Iteration: 1
  Device: "d"	RelError: 1.56622e+00	AbsError: 1.72123e+14
    Region: "Si"	RelError: 1.56622e+00	AbsError: 1.72123e+14
      Equation: "ElectronContinuityEquation"	RelError: 7.83261e-01	AbsError: 8.60615e+13
      Equation: "HoleContinuityEquation"	RelError: 7.82743e-01	AbsError: 8.60615e+13
      Equation: "PotentialEquation"	RelError: 2.19485e-04	AbsError: 5.90969e-05
Iteration: 2
  Device: "d"	RelError: 1.76882e-03	AbsError: 2.87833e+10
    Region: "Si"	RelError: 1.76882e-03	AbsError: 2.87833e+10
      Equation: "ElectronContinuityEquation"	RelError: 8.84351e-04	AbsError: 1.43916e+10
      Equation: "HoleContinuityEquation"	RelError: 8.84455e-04	AbsError: 1.43916e+10
      Equation: "PotentialEquation"	RelError: 1.13993e-08	AbsError: 4.59635e-09
Iteration: 3
  Device: "d"	RelError: 2.54868e-10	AbsError: 4.63099e+02
    Region: "Si"	RelError: 2.54868e-10	AbsError: 4.63099e+02
      Equation: "ElectronContinuityEquation"	RelError: 1.27528e-10	AbsError: 2.40937e+02
      Equation: "HoleContinuityEquation"	RelError: 1.27339e-10	AbsError: 2.22162e+02
      Equation: "PotentialEquation"	RelError: 1.47443e-15	AbsError: 6.20334e-17
Iteration: 4
  Device: "d"	RelError: 2.41686e-15	AbsError: 2.67174e+01
    Region: "Si"	RelError: 2.41686e-15	AbsError: 2.67174e+01
      Equation: "ElectronContinuityEquation"	RelError: 5.84092e-16	AbsError: 1.28923e+01
      Equation: "HoleContinuityEquation"	RelError: 1.73231e-15	AbsError: 1.38251e+01
      Equation: "PotentialEquation"	RelError: 1.00458e-16	AbsError: 2.83147e-17
### SOLVE-END C-0.025
### SOLVE-BEGIN C-0.050
number of equations 606
Iteration: 0
  Device: "d"	RelError: 1.76945e+01	AbsError: 5.42086e+15
    Region: "Si"	RelError: 1.76945e+01	AbsError: 5.42086e+15
      Equation: "ElectronContinuityEquation"	RelError: 7.39146e+00	AbsError: 2.71043e+15
      Equation: "HoleContinuityEquation"	RelError: 7.36734e+00	AbsError: 2.71043e+15
      Equation: "PotentialEquation"	RelError: 2.93573e+00	AbsError: 2.50000e-02
Iteration: 1
  Device: "d"	RelError: 1.43906e+00	AbsError: 1.67685e+14
    Region: "Si"	RelError: 1.43906e+00	AbsError: 1.67685e+14
      Equation: "ElectronContinuityEquation"	RelError: 7.19452e-01	AbsError: 8.38424e+13
      Equation: "HoleContinuityEquation"	RelError: 7.18788e-01	AbsError: 8.38424e+13
      Equation: "PotentialEquation"	RelError: 8.25090e-04	AbsError: 5.75089e-05
Iteration: 2
  Device: "d"	RelError: 1.71726e-03	AbsError: 2.71435e+10
    Region: "Si"	RelError: 1.71726e-03	AbsError: 2.71435e+10
      Equation: "ElectronContinuityEquation"	RelError: 8.58484e-04	AbsError: 1.35718e+10
      Equation: "HoleContinuityEquation"	RelError: 8.58735e-04	AbsError: 1.35718e+10
      Equation: "PotentialEquation"	RelError: 4.00905e-08	AbsError: 4.37865e-09
Iteration: 3
  Device: "d"	RelError: 1.76426e-10	AbsError: 4.53731e+02
    Region: "Si"	RelError: 1.76426e-10	AbsError: 4.53731e+02
      Equation: "ElectronContinuityEquation"	RelError: 8.82879e-11	AbsError: 2.28432e+02
      Equation: "HoleContinuityEquation"	RelError: 8.81364e-11	AbsError: 2.25299e+02
      Equation: "PotentialEquation"	RelError: 2.05262e-15	AbsError: 5.00202e-17
Iteration: 4
  Device: "d"	RelError: 4.55892e-15	AbsError: 2.98889e+01
    Region: "Si"	RelError: 4.55892e-15	AbsError: 2.98889e+01
      Equation: "ElectronContinuityEquation"	RelError: 5.54787e-16	AbsError: 1.69330e+01
      Equation: "HoleContinuityEquation"	RelError: 5.85509e-16	AbsError: 1.29559e+01
      Equation: "PotentialEquation"	RelError: 3.41863e-15	AbsError: 3.41553e-17
### SOLVE-END C-0.050
### SOLVE-BEGIN C-0.075
number of equations 606
Iteration: 0
  Device: "d"	RelError: 1.24788e+01	AbsError: 5.39050e+15
    Region: "Si"	RelError: 1.24788e+01	AbsError: 5.39050e+15
      Equation: "ElectronContinuityEquation"	RelError: 5.49037e+00	AbsError: 2.69525e+15
      Equation: "HoleContinuityEquation"	RelError: 5.47290e+00	AbsError: 2.69525e+15
      Equation: "PotentialEquation"	RelError: 1.51552e+00	AbsError: 2.50000e-02
Iteration: 1
  Device: "d"	RelError: 1.29699e+00	AbsError: 1.61425e+14
    Region: "Si"	RelError: 1.29699e+00	AbsError: 1.61425e+14
      Equation: "ElectronContinuityEquation"	RelError: 6.48656e-01	AbsError: 8.07126e+13
      Equation: "HoleContinuityEquation"	RelError: 6.47928e-01	AbsError: 8.07126e+13
      Equation: "PotentialEquation"	RelError: 4.06347e-04	AbsError: 5.63800e-05
Iteration: 2
  Device: "d"	RelError: 1.65936e-03	AbsError: 2.68457e+10
    Region: "Si"	RelError: 1.65936e-03	AbsError: 2.68457e+10
      Equation: "ElectronContinuityEquation"	RelError: 8.29361e-04	AbsError: 1.34228e+10
      Equation: "HoleContinuityEquation"	RelError: 8.29981e-04	AbsError: 1.34228e+10
      Equation: "PotentialEquation"	RelError: 1.85057e-08	AbsError: 4.15201e-09
Iteration: 3
  Device: "d"	RelError: 1.27874e-10	AbsError: 4.15843e+02
    Region: "Si"	RelError: 1.27874e-10	AbsError: 4.15843e+02
      Equation: "ElectronContinuityEquation"	RelError: 6.37870e-11	AbsError: 2.06497e+02
      Equation: "HoleContinuityEquation"	RelError: 6.40847e-11	AbsError: 2.09345e+02
      Equation: "PotentialEquation"	RelError: 2.38030e-15	AbsError: 7.10462e-17
Iteration: 4
  Device: "d"	RelError: 2.78357e-15	AbsError: 3.82246e+01
    Region: "Si"	RelError: 2.78357e-15	AbsError: 3.82246e+01
      Equation: "ElectronContinuityEquation"	RelError: 1.08119e-15	AbsError: 1.84434e+01
      Equation: "HoleContinuityEquation"	RelError: 7.89698e-16	AbsError: 1.97812e+01
      Equation: "PotentialEquation"	RelError: 9.12690e-16	AbsError: 3.73793e-17
### SOLVE-END C-0.075
### SOLVE-BEGIN C-0.100
number of equations 606
Iteration: 0
  Device: "d"	RelError: 9.10644e+00	AbsError: 5.33490e+15
    Region: "Si"	RelError: 9.10644e+00	AbsError: 5.33490e+15
      Equation: "ElectronContinuityEquation"	RelError: 4.26109e+00	AbsError: 2.66745e+15
      Equation: "HoleContinuityEquation"	RelError: 4.24285e+00	AbsError: 2.66745e+15
      Equation: "PotentialEquation"	RelError: 6.02498e-01	AbsError: 2.50000e-02
Iteration: 1
  Device: "d"	RelError: 1.16520e+00	AbsError: 1.53691e+14
    Region: "Si"	RelError: 1.16520e+00	AbsError: 1.53691e+14
      Equation: "ElectronContinuityEquation"	RelError: 5.82987e-01	AbsError: 7.68454e+13
      Equation: "HoleContinuityEquation"	RelError: 5.81950e-01	AbsError: 7.68454e+13
      Equation: "PotentialEquation"	RelError: 2.59310e-04	AbsError: 5.52951e-05
Iteration: 2
  Device: "d"	RelError: 1.59166e-03	AbsError: 2.60028e+10
    Region: "Si"	RelError: 1.59166e-03	AbsError: 2.60028e+10
      Equation: "ElectronContinuityEquation"	RelError: 7.95063e-04	AbsError: 1.30014e+10
      Equation: "HoleContinuityEquation"	RelError: 7.96584e-04	AbsError: 1.30014e+10
      Equation: "PotentialEquation"	RelError: 1.10874e-08	AbsError: 3.91837e-09
Iteration: 3
  Device: "d"	RelError: 9.65461e-11	AbsError: 3.43749e+02
    Region: "Si"	RelError: 9.65461e-11	AbsError: 3.43749e+02
      Equation: "ElectronContinuityEquation"	RelError: 4.79816e-11	AbsError: 1.71181e+02
      Equation: "HoleContinuityEquation"	RelError: 4.85640e-11	AbsError: 1.72568e+02
      Equation: "PotentialEquation"	RelError: 5.43816e-16	AbsError: 7.55641e-17
### SOLVE-END C-0.100
Replacing Edge Model x@n0 in region Si of material Si
Replacing Edge Model x@n1 in region Si of material Si
Replacing Edge Model node_index@n0 in region Si of material Si
Replacing Edge Model node_index@n1 in region Si of material Si

[worker_d3] wrote E2_1D_h0.005_P0_mirror.json error=False

[d3] E2_1D_h0.005_P0_mirror completed=True in 0.7 s

[d3] ===== E2_M1_h0.005_P0_mirror =====
Searching DEVSIM_MATH_LIBS="mkl_rt.3.dll"
Loading "mkl_rt.3.dll": Intel MKL with PARDISO LOADED
Physical group name Si has 0 Tetrahedra.
Physical group name Si has 8040 Triangles.
Physical group name Si has 12281 Lines.
Physical group name Si has 4242 Points.
Physical group name left has 0 Tetrahedra.
Physical group name left has 0 Triangles.
Physical group name left has 20 Lines.
Physical group name left has 21 Points.
Physical group name right has 0 Tetrahedra.
Physical group name right has 0 Triangles.
Physical group name right has 20 Lines.
Physical group name right has 21 Points.
Device d has 4242 coordinates with max index 4241
Region Si has 4242 nodes.
Contact left in region Si with 21 nodes
Contact right in region Si with 21 nodes
Creating Node Solution Potential
### SOLVE-BEGIN A
number of equations 4242
Iteration: 0
  Device: "d"	RelError: 1.00000e+00	AbsError: 1.37949e-01
    Region: "Si"	RelError: 1.00000e+00	AbsError: 1.37949e-01
      Equation: "PotentialEquation"	RelError: 1.00000e+00	AbsError: 1.37949e-01
Iteration: 1
  Device: "d"	RelError: 4.98626e-01	AbsError: 1.37193e-01
    Region: "Si"	RelError: 4.98626e-01	AbsError: 1.37193e-01
      Equation: "PotentialEquation"	RelError: 4.98626e-01	AbsError: 1.37193e-01
Iteration: 2
  Device: "d"	RelError: 3.14428e-01	AbsError: 1.25170e-01
    Region: "Si"	RelError: 3.14428e-01	AbsError: 1.25170e-01
      Equation: "PotentialEquation"	RelError: 3.14428e-01	AbsError: 1.25170e-01
Iteration: 3
  Device: "d"	RelError: 5.26493e-01	AbsError: 6.12227e-02
    Region: "Si"	RelError: 5.26493e-01	AbsError: 6.12227e-02
      Equation: "PotentialEquation"	RelError: 5.26493e-01	AbsError: 6.12227e-02
Iteration: 4
  Device: "d"	RelError: 8.37069e-01	AbsError: 5.01960e-02
    Region: "Si"	RelError: 8.37069e-01	AbsError: 5.01960e-02
      Equation: "PotentialEquation"	RelError: 8.37069e-01	AbsError: 5.01960e-02
Iteration: 5
  Device: "d"	RelError: 2.90437e-01	AbsError: 4.17220e-02
    Region: "Si"	RelError: 2.90437e-01	AbsError: 4.17220e-02
      Equation: "PotentialEquation"	RelError: 2.90437e-01	AbsError: 4.17220e-02
Iteration: 6
  Device: "d"	RelError: 8.18607e-02	AbsError: 3.16681e-02
    Region: "Si"	RelError: 8.18607e-02	AbsError: 3.16681e-02
      Equation: "PotentialEquation"	RelError: 8.18607e-02	AbsError: 3.16681e-02
Iteration: 7
  Device: "d"	RelError: 5.20424e-02	AbsError: 2.17306e-02
    Region: "Si"	RelError: 5.20424e-02	AbsError: 2.17306e-02
      Equation: "PotentialEquation"	RelError: 5.20424e-02	AbsError: 2.17306e-02
Iteration: 8
  Device: "d"	RelError: 2.46584e-02	AbsError: 1.02888e-02
    Region: "Si"	RelError: 2.46584e-02	AbsError: 1.02888e-02
      Equation: "PotentialEquation"	RelError: 2.46584e-02	AbsError: 1.02888e-02
Iteration: 9
  Device: "d"	RelError: 1.63403e-06	AbsError: 6.81804e-07
    Region: "Si"	RelError: 1.63403e-06	AbsError: 6.81804e-07
      Equation: "PotentialEquation"	RelError: 1.63403e-06	AbsError: 6.81804e-07
Iteration: 10
  Device: "d"	RelError: 8.20811e-12	AbsError: 3.42485e-12
    Region: "Si"	RelError: 8.20811e-12	AbsError: 3.42485e-12
      Equation: "PotentialEquation"	RelError: 8.20811e-12	AbsError: 3.42485e-12
### SOLVE-END A
Warning: Replacing equation with equation of the same name.
Region: Si, Equation: PotentialEquation, Variable: Potential
### SOLVE-BEGIN B0
number of equations 12726
Iteration: 0
  Device: "d"	RelError: 2.00568e-14	AbsError: 1.09714e+03
    Region: "Si"	RelError: 2.00568e-14	AbsError: 1.09714e+03
      Equation: "ElectronContinuityEquation"	RelError: 9.27995e-15	AbsError: 5.40568e+02
      Equation: "HoleContinuityEquation"	RelError: 9.80373e-15	AbsError: 5.56568e+02
      Equation: "PotentialEquation"	RelError: 9.73144e-16	AbsError: 1.34040e-16
### SOLVE-END B0
### SOLVE-BEGIN C+0.025
number of equations 12726
Iteration: 0
  Device: "d"	RelError: 1.80227e+00	AbsError: 5.57271e+15
    Region: "Si"	RelError: 1.80227e+00	AbsError: 5.57271e+15
      Equation: "ElectronContinuityEquation"	RelError: 4.76875e-01	AbsError: 2.78636e+15
      Equation: "HoleContinuityEquation"	RelError: 4.76814e-01	AbsError: 2.78636e+15
      Equation: "PotentialEquation"	RelError: 8.48578e-01	AbsError: 2.50000e-02
Iteration: 1
  Device: "d"	RelError: 4.84100e-01	AbsError: 1.77067e+14
    Region: "Si"	RelError: 4.84100e-01	AbsError: 1.77067e+14
      Equation: "ElectronContinuityEquation"	RelError: 2.41952e-01	AbsError: 8.85335e+13
      Equation: "HoleContinuityEquation"	RelError: 2.41909e-01	AbsError: 8.85335e+13
      Equation: "PotentialEquation"	RelError: 2.40046e-04	AbsError: 6.00910e-05
Iteration: 2
  Device: "d"	RelError: 8.21512e-04	AbsError: 3.07195e+10
    Region: "Si"	RelError: 8.21512e-04	AbsError: 3.07195e+10
      Equation: "ElectronContinuityEquation"	RelError: 4.10745e-04	AbsError: 1.53598e+10
      Equation: "HoleContinuityEquation"	RelError: 4.10753e-04	AbsError: 1.53598e+10
      Equation: "PotentialEquation"	RelError: 1.39439e-08	AbsError: 4.88028e-09
Iteration: 3
  Device: "d"	RelError: 1.05121e-10	AbsError: 5.26093e+02
    Region: "Si"	RelError: 1.05121e-10	AbsError: 5.26093e+02
      Equation: "ElectronContinuityEquation"	RelError: 5.25571e-11	AbsError: 2.67109e+02
      Equation: "HoleContinuityEquation"	RelError: 5.25613e-11	AbsError: 2.58983e+02
      Equation: "PotentialEquation"	RelError: 2.38646e-15	AbsError: 7.98341e-17
Iteration: 4
  Device: "d"	RelError: 3.96911e-15	AbsError: 2.86114e+01
    Region: "Si"	RelError: 3.96911e-15	AbsError: 2.86114e+01
      Equation: "ElectronContinuityEquation"	RelError: 2.59325e-15	AbsError: 1.22858e+01
      Equation: "HoleContinuityEquation"	RelError: 9.85650e-16	AbsError: 1.63257e+01
      Equation: "PotentialEquation"	RelError: 3.90213e-16	AbsError: 3.28811e-17
### SOLVE-END C+0.025
### SOLVE-BEGIN C+0.050
number of equations 12726
Iteration: 0
  Device: "d"	RelError: 6.59988e+00	AbsError: 5.67889e+15
    Region: "Si"	RelError: 6.59988e+00	AbsError: 5.67889e+15
      Equation: "ElectronContinuityEquation"	RelError: 4.82855e-01	AbsError: 2.83945e+15
      Equation: "HoleContinuityEquation"	RelError: 4.82817e-01	AbsError: 2.83945e+15
      Equation: "PotentialEquation"	RelError: 5.63421e+00	AbsError: 2.50000e-02
Iteration: 1
  Device: "d"	RelError: 4.94072e-01	AbsError: 1.83669e+14
    Region: "Si"	RelError: 4.94072e-01	AbsError: 1.83669e+14
      Equation: "ElectronContinuityEquation"	RelError: 2.46211e-01	AbsError: 9.18347e+13
      Equation: "HoleContinuityEquation"	RelError: 2.46185e-01	AbsError: 9.18347e+13
      Equation: "PotentialEquation"	RelError: 1.67574e-03	AbsError: 6.16055e-05
Iteration: 2
  Device: "d"	RelError: 8.42167e-04	AbsError: 3.25998e+10
    Region: "Si"	RelError: 8.42167e-04	AbsError: 3.25998e+10
      Equation: "ElectronContinuityEquation"	RelError: 4.21029e-04	AbsError: 1.62999e+10
      Equation: "HoleContinuityEquation"	RelError: 4.21034e-04	AbsError: 1.62999e+10
      Equation: "PotentialEquation"	RelError: 1.04346e-07	AbsError: 5.14675e-09
Iteration: 3
  Device: "d"	RelError: 1.14711e-10	AbsError: 5.48723e+02
    Region: "Si"	RelError: 1.14711e-10	AbsError: 5.48723e+02
      Equation: "ElectronContinuityEquation"	RelError: 5.73629e-11	AbsError: 2.75735e+02
      Equation: "HoleContinuityEquation"	RelError: 5.73396e-11	AbsError: 2.72988e+02
      Equation: "PotentialEquation"	RelError: 8.03812e-15	AbsError: 8.60868e-17
Iteration: 4
  Device: "d"	RelError: 1.14958e-14	AbsError: 4.12266e+01
    Region: "Si"	RelError: 1.14958e-14	AbsError: 4.12266e+01
      Equation: "ElectronContinuityEquation"	RelError: 1.38563e-15	AbsError: 2.13719e+01
      Equation: "HoleContinuityEquation"	RelError: 2.54033e-15	AbsError: 1.98547e+01
      Equation: "PotentialEquation"	RelError: 7.56980e-15	AbsError: 3.70582e-17
### SOLVE-END C+0.050
Replacing Edge Model x@n0 in region Si of material Si
Replacing Edge Model x@n1 in region Si of material Si
Replacing Edge Model node_index@n0 in region Si of material Si
Replacing Edge Model node_index@n1 in region Si of material Si
### SOLVE-BEGIN C+0.075
number of equations 12726
Iteration: 0
  Device: "d"	RelError: 2.18879e+00	AbsError: 5.76634e+15
    Region: "Si"	RelError: 2.18879e+00	AbsError: 5.76634e+15
      Equation: "ElectronContinuityEquation"	RelError: 4.86543e-01	AbsError: 2.88317e+15
      Equation: "HoleContinuityEquation"	RelError: 4.86520e-01	AbsError: 2.88317e+15
      Equation: "PotentialEquation"	RelError: 1.21572e+00	AbsError: 2.50000e-02
Iteration: 1
  Device: "d"	RelError: 4.97406e-01	AbsError: 1.89900e+14
    Region: "Si"	RelError: 4.97406e-01	AbsError: 1.89900e+14
      Equation: "ElectronContinuityEquation"	RelError: 2.48521e-01	AbsError: 9.49499e+13
      Equation: "HoleContinuityEquation"	RelError: 2.48505e-01	AbsError: 9.49499e+13
      Equation: "PotentialEquation"	RelError: 3.79470e-04	AbsError: 6.30528e-05
Iteration: 2
  Device: "d"	RelError: 8.61400e-04	AbsError: 3.37336e+10
    Region: "Si"	RelError: 8.61400e-04	AbsError: 3.37336e+10
      Equation: "ElectronContinuityEquation"	RelError: 4.30685e-04	AbsError: 1.68668e+10
      Equation: "HoleContinuityEquation"	RelError: 4.30690e-04	AbsError: 1.68668e+10
      Equation: "PotentialEquation"	RelError: 2.53859e-08	AbsError: 5.45130e-09
Iteration: 3
  Device: "d"	RelError: 1.25790e-10	AbsError: 6.13152e+02
    Region: "Si"	RelError: 1.25790e-10	AbsError: 6.13152e+02
      Equation: "ElectronContinuityEquation"	RelError: 6.29058e-11	AbsError: 3.08978e+02
      Equation: "HoleContinuityEquation"	RelError: 6.28832e-11	AbsError: 3.04174e+02
      Equation: "PotentialEquation"	RelError: 8.28152e-16	AbsError: 8.56399e-17
Iteration: 4
  Device: "d"	RelError: 3.35554e-15	AbsError: 3.52437e+01
    Region: "Si"	RelError: 3.35554e-15	AbsError: 3.52437e+01
      Equation: "ElectronContinuityEquation"	RelError: 8.86846e-16	AbsError: 1.69800e+01
      Equation: "HoleContinuityEquation"	RelError: 1.40385e-15	AbsError: 1.82637e+01
      Equation: "PotentialEquation"	RelError: 1.06484e-15	AbsError: 3.08109e-17
### SOLVE-END C+0.075
### SOLVE-BEGIN C+0.100
number of equations 12726
Iteration: 0
  Device: "d"	RelError: 1.53465e+00	AbsError: 5.87400e+15
    Region: "Si"	RelError: 1.53465e+00	AbsError: 5.87400e+15
      Equation: "ElectronContinuityEquation"	RelError: 4.88581e-01	AbsError: 2.93700e+15
      Equation: "HoleContinuityEquation"	RelError: 4.88568e-01	AbsError: 2.93700e+15
      Equation: "PotentialEquation"	RelError: 5.57503e-01	AbsError: 2.50000e-02
Iteration: 1
  Device: "d"	RelError: 4.99869e-01	AbsError: 1.98136e+14
    Region: "Si"	RelError: 4.99869e-01	AbsError: 1.98136e+14
      Equation: "ElectronContinuityEquation"	RelError: 2.49684e-01	AbsError: 9.90680e+13
      Equation: "HoleContinuityEquation"	RelError: 2.49672e-01	AbsError: 9.90680e+13
      Equation: "PotentialEquation"	RelError: 5.12932e-04	AbsError: 6.47944e-05
Iteration: 2
  Device: "d"	RelError: 8.84093e-04	AbsError: 3.61805e+10
    Region: "Si"	RelError: 8.84093e-04	AbsError: 3.61805e+10
      Equation: "ElectronContinuityEquation"	RelError: 4.42026e-04	AbsError: 1.80902e+10
      Equation: "HoleContinuityEquation"	RelError: 4.42030e-04	AbsError: 1.80902e+10
      Equation: "PotentialEquation"	RelError: 3.69293e-08	AbsError: 5.77603e-09
Iteration: 3
  Device: "d"	RelError: 1.36877e-10	AbsError: 6.56691e+02
    Region: "Si"	RelError: 1.36877e-10	AbsError: 6.56691e+02
      Equation: "ElectronContinuityEquation"	RelError: 6.84485e-11	AbsError: 3.22134e+02
      Equation: "HoleContinuityEquation"	RelError: 6.84274e-11	AbsError: 3.34557e+02
      Equation: "PotentialEquation"	RelError: 6.70087e-16	AbsError: 8.89588e-17
Iteration: 4
  Device: "d"	RelError: 5.56132e-15	AbsError: 3.50218e+01
    Region: "Si"	RelError: 5.56132e-15	AbsError: 3.50218e+01
      Equation: "ElectronContinuityEquation"	RelError: 1.77971e-15	AbsError: 1.61329e+01
      Equation: "HoleContinuityEquation"	RelError: 2.50229e-15	AbsError: 1.88889e+01
      Equation: "PotentialEquation"	RelError: 1.27932e-15	AbsError: 5.10621e-17
### SOLVE-END C+0.100
Replacing Edge Model x@n0 in region Si of material Si
Replacing Edge Model x@n1 in region Si of material Si
Replacing Edge Model node_index@n0 in region Si of material Si
Replacing Edge Model node_index@n1 in region Si of material Si
Physical group name Si has 0 Tetrahedra.
Physical group name Si has 8040 Triangles.
Physical group name Si has 12281 Lines.
Physical group name Si has 4242 Points.
Physical group name left has 0 Tetrahedra.
Physical group name left has 0 Triangles.
Physical group name left has 20 Lines.
Physical group name left has 21 Points.
Physical group name right has 0 Tetrahedra.
Physical group name right has 0 Triangles.
Physical group name right has 20 Lines.
Physical group name right has 21 Points.
Device d has 4242 coordinates with max index 4241
Region Si has 4242 nodes.
Contact left in region Si with 21 nodes
Contact right in region Si with 21 nodes
Creating Node Solution Potential
### SOLVE-BEGIN Arev
number of equations 4242
Iteration: 0
  Device: "d"	RelError: 1.00000e+00	AbsError: 1.37949e-01
    Region: "Si"	RelError: 1.00000e+00	AbsError: 1.37949e-01
      Equation: "PotentialEquation"	RelError: 1.00000e+00	AbsError: 1.37949e-01
Iteration: 1
  Device: "d"	RelError: 4.98626e-01	AbsError: 1.37193e-01
    Region: "Si"	RelError: 4.98626e-01	AbsError: 1.37193e-01
      Equation: "PotentialEquation"	RelError: 4.98626e-01	AbsError: 1.37193e-01
Iteration: 2
  Device: "d"	RelError: 3.14428e-01	AbsError: 1.25170e-01
    Region: "Si"	RelError: 3.14428e-01	AbsError: 1.25170e-01
      Equation: "PotentialEquation"	RelError: 3.14428e-01	AbsError: 1.25170e-01
Iteration: 3
  Device: "d"	RelError: 5.26493e-01	AbsError: 6.12227e-02
    Region: "Si"	RelError: 5.26493e-01	AbsError: 6.12227e-02
      Equation: "PotentialEquation"	RelError: 5.26493e-01	AbsError: 6.12227e-02
Iteration: 4
  Device: "d"	RelError: 8.37069e-01	AbsError: 5.01960e-02
    Region: "Si"	RelError: 8.37069e-01	AbsError: 5.01960e-02
      Equation: "PotentialEquation"	RelError: 8.37069e-01	AbsError: 5.01960e-02
Iteration: 5
  Device: "d"	RelError: 2.90437e-01	AbsError: 4.17220e-02
    Region: "Si"	RelError: 2.90437e-01	AbsError: 4.17220e-02
      Equation: "PotentialEquation"	RelError: 2.90437e-01	AbsError: 4.17220e-02
Iteration: 6
  Device: "d"	RelError: 8.18607e-02	AbsError: 3.16681e-02
    Region: "Si"	RelError: 8.18607e-02	AbsError: 3.16681e-02
      Equation: "PotentialEquation"	RelError: 8.18607e-02	AbsError: 3.16681e-02
Iteration: 7
  Device: "d"	RelError: 5.20424e-02	AbsError: 2.17306e-02
    Region: "Si"	RelError: 5.20424e-02	AbsError: 2.17306e-02
      Equation: "PotentialEquation"	RelError: 5.20424e-02	AbsError: 2.17306e-02
Iteration: 8
  Device: "d"	RelError: 2.46584e-02	AbsError: 1.02888e-02
    Region: "Si"	RelError: 2.46584e-02	AbsError: 1.02888e-02
      Equation: "PotentialEquation"	RelError: 2.46584e-02	AbsError: 1.02888e-02
Iteration: 9
  Device: "d"	RelError: 1.63403e-06	AbsError: 6.81804e-07
    Region: "Si"	RelError: 1.63403e-06	AbsError: 6.81804e-07
      Equation: "PotentialEquation"	RelError: 1.63403e-06	AbsError: 6.81804e-07
Iteration: 10
  Device: "d"	RelError: 8.20811e-12	AbsError: 3.42485e-12
    Region: "Si"	RelError: 8.20811e-12	AbsError: 3.42485e-12
      Equation: "PotentialEquation"	RelError: 8.20811e-12	AbsError: 3.42485e-12
### SOLVE-END Arev
Warning: Replacing equation with equation of the same name.
Region: Si, Equation: PotentialEquation, Variable: Potential
### SOLVE-BEGIN B0rev
number of equations 12726
Iteration: 0
  Device: "d"	RelError: 2.00568e-14	AbsError: 1.09714e+03
    Region: "Si"	RelError: 2.00568e-14	AbsError: 1.09714e+03
      Equation: "ElectronContinuityEquation"	RelError: 9.27995e-15	AbsError: 5.40568e+02
      Equation: "HoleContinuityEquation"	RelError: 9.80373e-15	AbsError: 5.56568e+02
      Equation: "PotentialEquation"	RelError: 9.73144e-16	AbsError: 1.34040e-16
### SOLVE-END B0rev
### SOLVE-BEGIN C-0.025
number of equations 12726
Iteration: 0
  Device: "d"	RelError: 2.13388e+01	AbsError: 5.57271e+15
    Region: "Si"	RelError: 2.13388e+01	AbsError: 5.57271e+15
      Equation: "ElectronContinuityEquation"	RelError: 1.03108e+01	AbsError: 2.78636e+15
      Equation: "HoleContinuityEquation"	RelError: 1.02825e+01	AbsError: 2.78636e+15
      Equation: "PotentialEquation"	RelError: 7.45426e-01	AbsError: 2.50000e-02
Iteration: 1
  Device: "d"	RelError: 1.56774e+00	AbsError: 1.72168e+14
    Region: "Si"	RelError: 1.56774e+00	AbsError: 1.72168e+14
      Equation: "ElectronContinuityEquation"	RelError: 7.83992e-01	AbsError: 8.60841e+13
      Equation: "HoleContinuityEquation"	RelError: 7.83523e-01	AbsError: 8.60841e+13
      Equation: "PotentialEquation"	RelError: 2.19516e-04	AbsError: 5.91023e-05
Iteration: 2
  Device: "d"	RelError: 1.77377e-03	AbsError: 2.97571e+10
    Region: "Si"	RelError: 1.77377e-03	AbsError: 2.97571e+10
      Equation: "ElectronContinuityEquation"	RelError: 8.86828e-04	AbsError: 1.48786e+10
      Equation: "HoleContinuityEquation"	RelError: 8.86926e-04	AbsError: 1.48786e+10
      Equation: "PotentialEquation"	RelError: 1.18161e-08	AbsError: 4.64780e-09
Iteration: 3
  Device: "d"	RelError: 2.58269e-10	AbsError: 4.62293e+02
    Region: "Si"	RelError: 2.58269e-10	AbsError: 4.62293e+02
      Equation: "ElectronContinuityEquation"	RelError: 1.29226e-10	AbsError: 2.23555e+02
      Equation: "HoleContinuityEquation"	RelError: 1.29042e-10	AbsError: 2.38737e+02
      Equation: "PotentialEquation"	RelError: 1.33414e-15	AbsError: 6.53427e-17
Iteration: 4
  Device: "d"	RelError: 6.62692e-15	AbsError: 3.89845e+01
    Region: "Si"	RelError: 6.62692e-15	AbsError: 3.89845e+01
      Equation: "ElectronContinuityEquation"	RelError: 2.36730e-15	AbsError: 2.23317e+01
      Equation: "HoleContinuityEquation"	RelError: 1.97821e-15	AbsError: 1.66528e+01
      Equation: "PotentialEquation"	RelError: 2.28141e-15	AbsError: 4.89308e-17
### SOLVE-END C-0.025
### SOLVE-BEGIN C-0.050
number of equations 12726
Iteration: 0
  Device: "d"	RelError: 1.77443e+01	AbsError: 5.50119e+15
    Region: "Si"	RelError: 1.77443e+01	AbsError: 5.50119e+15
      Equation: "ElectronContinuityEquation"	RelError: 7.41404e+00	AbsError: 2.75060e+15
      Equation: "HoleContinuityEquation"	RelError: 7.39289e+00	AbsError: 2.75060e+15
      Equation: "PotentialEquation"	RelError: 2.93740e+00	AbsError: 2.50000e-02
Iteration: 1
  Device: "d"	RelError: 1.43876e+00	AbsError: 1.67697e+14
    Region: "Si"	RelError: 1.43876e+00	AbsError: 1.67697e+14
      Equation: "ElectronContinuityEquation"	RelError: 7.19300e-01	AbsError: 8.38487e+13
      Equation: "HoleContinuityEquation"	RelError: 7.18636e-01	AbsError: 8.38487e+13
      Equation: "PotentialEquation"	RelError: 8.25556e-04	AbsError: 5.78258e-05
Iteration: 2
  Device: "d"	RelError: 1.73273e-03	AbsError: 2.84904e+10
    Region: "Si"	RelError: 1.73273e-03	AbsError: 2.84904e+10
      Equation: "ElectronContinuityEquation"	RelError: 8.66232e-04	AbsError: 1.42452e+10
      Equation: "HoleContinuityEquation"	RelError: 8.66461e-04	AbsError: 1.42452e+10
      Equation: "PotentialEquation"	RelError: 4.16172e-08	AbsError: 4.42863e-09
Iteration: 3
  Device: "d"	RelError: 1.78656e-10	AbsError: 4.46326e+02
    Region: "Si"	RelError: 1.78656e-10	AbsError: 4.46326e+02
      Equation: "ElectronContinuityEquation"	RelError: 8.94023e-11	AbsError: 2.22293e+02
      Equation: "HoleContinuityEquation"	RelError: 8.92491e-11	AbsError: 2.24033e+02
      Equation: "PotentialEquation"	RelError: 4.70453e-15	AbsError: 4.61841e-17
Iteration: 4
  Device: "d"	RelError: 4.69656e-15	AbsError: 2.84890e+01
    Region: "Si"	RelError: 4.69656e-15	AbsError: 2.84890e+01
      Equation: "ElectronContinuityEquation"	RelError: 1.30765e-15	AbsError: 1.48217e+01
      Equation: "HoleContinuityEquation"	RelError: 1.81055e-15	AbsError: 1.36672e+01
      Equation: "PotentialEquation"	RelError: 1.57836e-15	AbsError: 4.26461e-17
### SOLVE-END C-0.050
### SOLVE-BEGIN C-0.075
number of equations 12726
Iteration: 0
  Device: "d"	RelError: 1.24715e+01	AbsError: 5.40290e+15
    Region: "Si"	RelError: 1.24715e+01	AbsError: 5.40290e+15
      Equation: "ElectronContinuityEquation"	RelError: 5.48652e+00	AbsError: 2.70145e+15
      Equation: "HoleContinuityEquation"	RelError: 5.46906e+00	AbsError: 2.70145e+15
      Equation: "PotentialEquation"	RelError: 1.51597e+00	AbsError: 2.50000e-02
Iteration: 1
  Device: "d"	RelError: 1.29670e+00	AbsError: 1.61410e+14
    Region: "Si"	RelError: 1.29670e+00	AbsError: 1.61410e+14
      Equation: "ElectronContinuityEquation"	RelError: 6.48535e-01	AbsError: 8.07050e+13
      Equation: "HoleContinuityEquation"	RelError: 6.47758e-01	AbsError: 8.07050e+13
      Equation: "PotentialEquation"	RelError: 4.06464e-04	AbsError: 5.64913e-05
Iteration: 2
  Device: "d"	RelError: 1.67998e-03	AbsError: 2.68311e+10
    Region: "Si"	RelError: 1.67998e-03	AbsError: 2.68311e+10
      Equation: "ElectronContinuityEquation"	RelError: 8.39698e-04	AbsError: 1.34155e+10
      Equation: "HoleContinuityEquation"	RelError: 8.40259e-04	AbsError: 1.34155e+10
      Equation: "PotentialEquation"	RelError: 1.92250e-08	AbsError: 4.20142e-09
Iteration: 3
  Device: "d"	RelError: 1.30331e-10	AbsError: 4.15379e+02
    Region: "Si"	RelError: 1.30331e-10	AbsError: 4.15379e+02
      Equation: "ElectronContinuityEquation"	RelError: 6.50222e-11	AbsError: 2.08222e+02
      Equation: "HoleContinuityEquation"	RelError: 6.53063e-11	AbsError: 2.07157e+02
      Equation: "PotentialEquation"	RelError: 2.80604e-15	AbsError: 6.75147e-17
Iteration: 4
  Device: "d"	RelError: 5.77775e-15	AbsError: 3.15427e+01
    Region: "Si"	RelError: 5.77775e-15	AbsError: 3.15427e+01
      Equation: "ElectronContinuityEquation"	RelError: 1.88422e-15	AbsError: 1.75197e+01
      Equation: "HoleContinuityEquation"	RelError: 1.61852e-15	AbsError: 1.40230e+01
      Equation: "PotentialEquation"	RelError: 2.27502e-15	AbsError: 4.56558e-17
### SOLVE-END C-0.075
### SOLVE-BEGIN C-0.100
number of equations 12726
Iteration: 0
  Device: "d"	RelError: 9.10599e+00	AbsError: 5.33673e+15
    Region: "Si"	RelError: 9.10599e+00	AbsError: 5.33673e+15
      Equation: "ElectronContinuityEquation"	RelError: 4.25948e+00	AbsError: 2.66836e+15
      Equation: "HoleContinuityEquation"	RelError: 4.24394e+00	AbsError: 2.66836e+15
      Equation: "PotentialEquation"	RelError: 6.02568e-01	AbsError: 2.50000e-02
Iteration: 1
  Device: "d"	RelError: 1.16488e+00	AbsError: 1.57098e+14
    Region: "Si"	RelError: 1.16488e+00	AbsError: 1.57098e+14
      Equation: "ElectronContinuityEquation"	RelError: 5.82830e-01	AbsError: 7.85491e+13
      Equation: "HoleContinuityEquation"	RelError: 5.81792e-01	AbsError: 7.85491e+13
      Equation: "PotentialEquation"	RelError: 2.59428e-04	AbsError: 5.52548e-05
Iteration: 2
  Device: "d"	RelError: 1.60867e-03	AbsError: 2.59952e+10
    Region: "Si"	RelError: 1.60867e-03	AbsError: 2.59952e+10
      Equation: "ElectronContinuityEquation"	RelError: 8.03641e-04	AbsError: 1.29976e+10
      Equation: "HoleContinuityEquation"	RelError: 8.05017e-04	AbsError: 1.29976e+10
      Equation: "PotentialEquation"	RelError: 1.15324e-08	AbsError: 4.00369e-09
Iteration: 3
  Device: "d"	RelError: 9.83492e-11	AbsError: 3.76895e+02
    Region: "Si"	RelError: 9.83492e-11	AbsError: 3.76895e+02
      Equation: "ElectronContinuityEquation"	RelError: 4.88767e-11	AbsError: 1.91183e+02
      Equation: "HoleContinuityEquation"	RelError: 4.94720e-11	AbsError: 1.85712e+02
      Equation: "PotentialEquation"	RelError: 5.62597e-16	AbsError: 7.12977e-17
### SOLVE-END C-0.100
Replacing Edge Model x@n0 in region Si of material Si
Replacing Edge Model x@n1 in region Si of material Si
Replacing Edge Model node_index@n0 in region Si of material Si
Replacing Edge Model node_index@n1 in region Si of material Si

[worker_d3] wrote E2_M1_h0.005_P0_mirror.json error=False

[d3] E2_M1_h0.005_P0_mirror completed=True in 6.2 s
{
 "E1_P12_equals_P4": "PASS",
 "E2_mirror_P4": "MIRROR_PASS",
 "E2_per_fixture": {
  "1D_P4": "MIRROR_PASS",
  "M1_P4": "MIRROR_PASS",
  "1D_P0": "MIRROR_FAIL",
  "M1_P0": "MIRROR_FAIL"
 },
 "identity_all_ok": true,
 "plan_hash_matches": true
}
[d3] output scrub replacements: 0; runs not completed: []; analysis rc=0
